player_id,season,all_nba_team,all_defense_team,mvp,dpoy
feeribo01,1947,1,0,0,0
fulksjo01,1947,1,0,0,0
mckinbo01,1947,1,0,0,0
miasest01,1947,1,0,0,0
zasloma01,1947,1,0,0,0
baumhfr01,1947,2,0,0,0
calveer01,1947,2,0,0,0
halbech01,1947,2,0,0,0
loganjo01,1947,2,0,0,0
scolafr01,1947,2,0,0,0
dallmho01,1948,1,0,0,0
feeribo01,1948,1,0,0,0
fulksjo01,1948,1,0,0,0
sadowed01,1948,1,0,0,0
zasloma01,1948,1,0,0,0
braunca01,1948,2,0,0,0
jeannbu01,1948,2,0,0,0
loganjo01,1948,2,0,0,0
miasest01,1948,2,0,0,0
scolafr01,1948,2,0,0,0
daviebo01,1949,1,0,0,0
fulksjo01,1949,1,0,0,0
mikange01,1949,1,0,0,0
pollaji01,1949,1,0,0,0
zasloma01,1949,1,0,0,0
feeribo01,1949,2,0,0,0
loganjo01,1949,2,0,0,0
mckinbo01,1949,2,0,0,0
risenar01,1949,2,0,0,0
sailoke01,1949,2,0,0,0
daviebo01,1950,1,0,0,0
grozaal01,1950,1,0,0,0
mikange01,1950,1,0,0,0
pollaji01,1950,1,0,0,0
zasloma01,1950,1,0,0,0
beardra01,1950,2,0,0,0
brianfr01,1950,2,0,0,0
cervial01,1950,2,0,0,0
schaufr01,1950,2,0,0,0
schaydo01,1950,2,0,0,0
beardra01,1951,1,0,0,0
daviebo01,1951,1,0,0,0
grozaal01,1951,1,0,0,0
macaued01,1951,1,0,0,0
mikange01,1951,1,0,0,0
brianfr01,1951,2,0,0,0
fulksjo01,1951,2,0,0,0
mcguidi01,1951,2,0,0,0
mikkeve01,1951,2,0,0,0
schaydo01,1951,2,0,0,0
arizipa01,1952,1,0,0,0
cousybo01,1952,1,0,0,0
daviebo01,1952,1,0,0,0
macaued01,1952,1,0,0,0
mikange01,1952,1,0,0,0
foustla01,1952,2,0,0,0
mikkeve01,1952,2,0,0,0
phillan01,1952,2,0,0,0
pollaji01,1952,2,0,0,0
wanzebo01,1952,2,0,0,0
cousybo01,1953,1,0,0,0
johnsne01,1953,1,0,0,0
macaued01,1953,1,0,0,0
mikange01,1953,1,0,0,0
schaydo01,1953,1,0,0,0
daviebo01,1953,2,0,0,0
mikkeve01,1953,2,0,0,0
phillan01,1953,2,0,0,0
sharmbi01,1953,2,0,0,0
wanzebo01,1953,2,0,0,0
cousybo01,1954,1,0,0,0
gallaha01,1954,1,0,0,0
johnsne01,1954,1,0,0,0
mikange01,1954,1,0,0,0
schaydo01,1954,1,0,0,0
braunca01,1954,2,0,0,0
macaued01,1954,2,0,0,0
pollaji01,1954,2,0,0,0
seymopa01,1954,2,0,0,0
wanzebo01,1954,2,0,0,0
cousybo01,1955,1,0,0,0
foustla01,1955,1,0,0,0
johnsne01,1955,1,0,0,0
pettibo01,1955,1,0,0,0
schaydo01,1955,1,0,0,0
gallaha01,1955,2,0,0,0
martisl01,1955,2,0,0,0
mikkeve01,1955,2,0,0,0
seymopa01,1955,2,0,0,0
sharmbi01,1955,2,0,0,0
arizipa01,1956,1,0,0,0
cousybo01,1956,1,0,0,0
johnsne01,1956,1,0,0,0
pettibo01,1956,1,0,1,0
sharmbi01,1956,1,0,0,0
georgja01,1956,2,0,0,0
lovelcl01,1956,2,0,0,0
martisl01,1956,2,0,0,0
schaydo01,1956,2,0,0,0
stokema01,1956,2,0,0,0
arizipa01,1957,1,0,0,0
cousybo01,1957,1,0,1,0
pettibo01,1957,1,0,0,0
schaydo01,1957,1,0,0,0
sharmbi01,1957,1,0,0,0
garmadi01,1957,2,0,0,0
johnsne01,1957,2,0,0,0
martisl01,1957,2,0,0,0
stokema01,1957,2,0,0,0
yardlge01,1957,2,0,0,0
cousybo01,1958,1,0,0,0
pettibo01,1958,1,0,0,0
schaydo01,1958,1,0,0,0
sharmbi01,1958,1,0,0,0
yardlge01,1958,1,0,0,0
golato01,1958,2,0,0,0
hagancl01,1958,2,0,0,0
martisl01,1958,2,0,0,0
russebi01,1958,2,0,1,0
stokema01,1958,2,0,0,0
bayloel01,1959,1,0,0,0
cousybo01,1959,1,0,0,0
pettibo01,1959,1,0,1,0
russebi01,1959,1,0,0,0
sharmbi01,1959,1,0,0,0
arizipa01,1959,2,0,0,0
gueriri01,1959,2,0,0,0
hagancl01,1959,2,0,0,0
martisl01,1959,2,0,0,0
schaydo01,1959,2,0,0,0
bayloel01,1960,1,0,0,0
chambwi01,1960,1,0,1,0
cousybo01,1960,1,0,0,0
pettibo01,1960,1,0,0,0
shuege01,1960,1,0,0,0
gueriri01,1960,2,0,0,0
russebi01,1960,2,0,0,0
schaydo01,1960,2,0,0,0
sharmbi01,1960,2,0,0,0
twymaja01,1960,2,0,0,0
bayloel01,1961,1,0,0,0
chambwi01,1961,1,0,0,0
cousybo01,1961,1,0,0,0
pettibo01,1961,1,0,0,0
roberos01,1961,1,0,0,0
costela01,1961,2,0,0,0
heinsto01,1961,2,0,0,0
russebi01,1961,2,0,1,0
schaydo01,1961,2,0,0,0
shuege01,1961,2,0,0,0
bayloel01,1962,1,0,0,0
chambwi01,1962,1,0,0,0
pettibo01,1962,1,0,0,0
roberos01,1962,1,0,0,0
westje01,1962,1,0,0,0
cousybo01,1962,2,0,0,0
gueriri01,1962,2,0,0,0
heinsto01,1962,2,0,0,0
russebi01,1962,2,0,1,0
twymaja01,1962,2,0,0,0
bayloel01,1963,1,0,0,0
pettibo01,1963,1,0,0,0
roberos01,1963,1,0,0,0
russebi01,1963,1,0,1,0
westje01,1963,1,0,0,0
chambwi01,1963,2,0,0,0
cousybo01,1963,2,0,0,0
greerha01,1963,2,0,0,0
heinsto01,1963,2,0,0,0
howelba01,1963,2,0,0,0
bayloel01,1964,1,0,0,0
chambwi01,1964,1,0,0,0
pettibo01,1964,1,0,0,0
roberos01,1964,1,0,1,0
westje01,1964,1,0,0,0
greerha01,1964,2,0,0,0
havlijo01,1964,2,0,0,0
heinsto01,1964,2,0,0,0
lucasje01,1964,2,0,0,0
russebi01,1964,2,0,0,0
bayloel01,1965,1,0,0,0
lucasje01,1965,1,0,0,0
roberos01,1965,1,0,0,0
russebi01,1965,1,0,1,0
westje01,1965,1,0,0,0
chambwi01,1965,2,0,0,0
greerha01,1965,2,0,0,0
johnsgu01,1965,2,0,0,0
jonessa01,1965,2,0,0,0
pettibo01,1965,2,0,0,0
barryri01,1966,1,0,0,0
chambwi01,1966,1,0,1,0
lucasje01,1966,1,0,0,0
roberos01,1966,1,0,0,0
westje01,1966,1,0,0,0
greerha01,1966,2,0,0,0
havlijo01,1966,2,0,0,0
johnsgu01,1966,2,0,0,0
jonessa01,1966,2,0,0,0
russebi01,1966,2,0,0,0
barryri01,1967,1,0,0,0
bayloel01,1967,1,0,0,0
chambwi01,1967,1,0,1,0
roberos01,1967,1,0,0,0
westje01,1967,1,0,0,0
greerha01,1967,2,0,0,0
jonessa01,1967,2,0,0,0
lucasje01,1967,2,0,0,0
reedwi01,1967,2,0,0,0
russebi01,1967,2,0,0,0
bayloel01,1968,1,0,0,0
bingda01,1968,1,0,0,0
chambwi01,1968,1,0,1,0
danieme01,1968,1,0,0,0
hawkico01,1968,1,0,0,0
jonesla01,1968,1,0,0,0
lucasje01,1968,1,0,0,0
moedo01,1968,1,0,0,0
roberos01,1968,1,0,0,0
willich01,1968,1,0,0,0
beasljo01,1968,2,0,0,0
brownla01,1968,2,0,0,0
brownro01,1968,2,0,0,0
dampilo01,1968,2,0,0,0
greerha01,1968,2,0,0,0
havlijo01,1968,2,0,0,0
powelci01,1968,2,0,0,0
reedwi01,1968,2,0,0,0
russebi01,1968,2,0,0,0
westje01,1968,2,0,0,0
bridgbi01,1969,0,2,0,0
fraziwa01,1969,0,1,0,0
larusru01,1969,0,2,0,0
russebi01,1969,0,1,0,0
sandeto01,1969,0,2,0,0
sloanje01,1969,0,1,0,0
thurmna01,1969,0,1,0,0
barryri01,1969,1,0,0,0
bayloel01,1969,1,0,0,0
cunnibi01,1969,1,0,0,0
danieme01,1969,1,0,0,0
hawkico01,1969,1,0,0,0
jonesji01,1969,1,0,0,0
jonesla01,1969,1,0,0,0
monroea01,1969,1,0,0,0
roberos01,1969,1,0,0,0
unselwe01,1969,1,0,1,0
beasljo01,1969,2,0,0,0
dampilo01,1969,2,0,0,0
debusda01,1969,2,1,0,0
freemdo01,1969,2,0,0,0
greerha01,1969,2,0,0,0
havlijo01,1969,2,2,0,0
moedo01,1969,2,0,0,0
reedwi01,1969,2,0,0,0
robbire01,1969,2,0,0,0
westje01,1969,2,2,0,0
bridgbi01,1970,0,2,0,0
caldwjo01,1970,0,2,0,0
debusda01,1970,0,1,0,0
sloanje01,1970,0,2,0,0
barryri01,1970,1,0,0,0
cunnibi01,1970,1,0,0,0
danieme01,1970,1,0,0,0
fraziwa01,1970,1,1,0,0
hawkico01,1970,1,0,0,0
haywosp01,1970,1,0,0,0
jonesla01,1970,1,0,0,0
reedwi01,1970,1,1,1,0
vergabo01,1970,1,0,0,0
westje01,1970,1,1,0,0
abdulka01,1970,2,2,0,0
brownro01,1970,2,0,0,0
dampilo01,1970,2,0,0,0
freemdo01,1970,2,0,0,0
havlijo01,1970,2,2,0,0
hudsolo01,1970,2,0,0,0
johnsgu01,1970,2,1,0,0
netolbo01,1970,2,0,0,0
robbire01,1970,2,0,0,0
roberos01,1970,2,0,0,0
debusda01,1971,0,1,0,0
silaspa01,1971,0,2,0,0
sloanje01,1971,0,2,0,0
thurmna01,1971,0,1,0,0
vanlino01,1971,0,2,0,0
abdulka01,1971,1,2,1,0
barryri01,1971,1,0,0,0
bingda01,1971,1,0,0,0
brownro01,1971,1,0,0,0
calvima01,1971,1,0,0,0
cunnibi01,1971,1,0,0,0
danieme01,1971,1,0,0,0
havlijo01,1971,1,2,0,0
scottch01,1971,1,0,0,0
westje01,1971,1,1,0,0
beatyze01,1971,2,0,0,0
briskjo01,1971,2,0,0,0
caldwjo01,1971,2,0,0,0
cannola01,1971,2,0,0,0
fraziwa01,1971,2,1,0,0
freemdo01,1971,2,0,0,0
johnsgu01,1971,2,1,0,0
lovebo01,1971,2,0,0,0
reedwi01,1971,2,0,0,0
roberos01,1971,2,0,0,0
chanedo01,1972,0,2,0,0
debusda01,1972,0,1,0,0
silaspa01,1972,0,2,0,0
thurmna01,1972,0,2,0,0
vanlino01,1972,0,2,0,0
abdulka01,1972,1,0,1,0
barryri01,1972,1,0,0,0
fraziwa01,1972,1,1,0,0
freemdo01,1972,1,0,0,0
gilmoar01,1972,1,0,0,0
havlijo01,1972,1,1,0,0
haywosp01,1972,1,0,0,0
isselda01,1972,1,0,0,0
melchbi01,1972,1,0,0,0
westje01,1972,1,1,0,0
architi01,1972,2,0,0,0
beatyze01,1972,2,0,0,0
chambwi01,1972,2,1,0,0
clarkar01,1972,2,0,0,0
cunnibi01,1972,2,0,0,0
ervinju01,1972,2,0,0,0
lovebo01,1972,2,2,0,0
scottch01,1972,2,0,0,0
simpsra01,1972,2,0,0,0
wisewi01,1972,2,0,0,0
caldwjo01,1973,0,1,0,0
chambwi01,1973,0,1,0,0
chanedo01,1973,0,2,0,0
debusda01,1973,0,1,0,0
galemi01,1973,0,1,0,0
riordmi01,1973,0,2,0,0
silaspa01,1973,0,2,0,0
taylofa01,1973,0,1,0,0
thurmna01,1973,0,2,0,0
vanlino01,1973,0,2,0,0
wisewi01,1973,0,1,0,0
abdulka01,1973,1,0,0,0
architi01,1973,1,0,0,0
cunnibi01,1973,1,0,0,0
ervinju01,1973,1,0,0,0
gilmoar01,1973,1,1,0,0
havlijo01,1973,1,1,0,0
haywosp01,1973,1,0,0,0
jabalwa01,1973,1,0,0,0
jonesji01,1973,1,0,0,0
westje01,1973,1,1,0,0
barryri01,1973,2,0,0,0
calvima01,1973,2,0,0,0
cowenda01,1973,2,0,1,0
danieme01,1973,2,0,0,0
fraziwa01,1973,2,1,0,0
hayesel01,1973,2,0,0,0
isselda01,1973,2,0,0,0
maravpe01,1973,2,0,0,0
mcginge01,1973,2,0,0,0
simpsra01,1973,2,0,0,0
chanedo01,1974,0,2,0,0
debusda01,1974,0,1,0,0
galemi01,1974,0,1,0,0
keyeju01,1974,0,1,0,0
lovebo01,1974,0,2,0,0
mcclate01,1974,0,1,0,0
priceji01,1974,0,2,0,0
thurmna01,1974,0,2,0,0
abdulka01,1974,1,1,1,0
barryri01,1974,1,0,0,0
calvima01,1974,1,0,0,0
ervinju01,1974,1,0,0,0
fraziwa01,1974,1,1,0,0
gilmoar01,1974,1,1,0,0
goodrga01,1974,1,0,0,0
havlijo01,1974,1,1,0,0
jonesji01,1974,1,0,0,0
mcginge01,1974,1,0,0,0
bingda01,1974,2,0,0,0
boonero01,1974,2,0,0,0
dampilo01,1974,2,0,0,0
hayesel01,1974,2,2,0,0
haywosp01,1974,2,0,0,0
isselda01,1974,2,0,0,0
mcadobo01,1974,2,0,0,0
natersw01,1974,2,0,0,0
vanlino01,1974,2,1,0,0
wisewi01,1974,2,1,0,0
abdulka01,1975,0,1,0,0
busedo01,1975,0,1,0,0
chanedo01,1975,0,2,0,0
jonesbo01,1975,0,1,0,0
joneswi02,1975,0,1,0,0
lovebo01,1975,0,2,0,0
silaspa01,1975,0,1,0,0
sloanje01,1975,0,1,0,0
vanlino01,1975,0,2,0,0
architi01,1975,1,0,0,0
barryri01,1975,1,0,0,0
boonero01,1975,1,0,0,0
calvima01,1975,1,0,0,0
ervinju01,1975,1,0,0,0
fraziwa01,1975,1,1,0,0
gilmoar01,1975,1,1,0,0
hayesel01,1975,1,2,0,0
mcadobo01,1975,1,0,1,0
mcginge01,1975,1,0,0,0
barnema01,1975,2,0,0,0
cheniph01,1975,2,0,0,0
cowenda01,1975,2,2,0,0
gervige01,1975,2,0,0,0
havlijo01,1975,2,1,0,0
haywosp01,1975,2,0,0,0
natersw01,1975,2,0,0,0
silasja01,1975,2,0,0,0
taylobr01,1975,2,1,0,0
whitejo01,1975,2,0,0,0
breweji01,1976,0,2,0,0
cleamji01,1976,0,2,0,0
silaspa01,1976,0,1,0,0
taylobr01,1976,0,1,0,0
vanlino01,1976,0,1,0,0
wattssl01,1976,0,1,0,0
wilkeja01,1976,0,2,0,0
abdulka01,1976,1,2,1,0
architi01,1976,1,0,0,0
barryri01,1976,1,0,0,0
ervinju01,1976,1,1,0,0
gilmoar01,1976,1,1,0,0
knighbi01,1976,1,0,0,0
maravpe01,1976,1,0,0,0
mcginge01,1976,1,0,0,0
silasja01,1976,1,0,0,0
simpsra01,1976,1,0,0,0
busedo01,1976,2,1,0,0
cowenda01,1976,2,1,0,0
gervige01,1976,2,0,0,0
havlijo01,1976,2,1,0,0
hayesel01,1976,2,0,0,0
isselda01,1976,2,0,0,0
jonesbo01,1976,2,1,0,0
smithph01,1976,2,2,0,0
smithra01,1976,2,0,0,0
thompda01,1976,2,0,0,0
breweji01,1977,0,2,0,0
busedo01,1977,0,1,0,0
chanedo01,1977,0,2,0,0
colemec01,1977,0,1,0,0
jonesbo01,1977,0,1,0,0
taylobr01,1977,0,2,0,0
vanlino01,1977,0,1,0,0
wilkeja01,1977,0,2,0,0
abdulka01,1977,1,2,1,0
hayesel01,1977,1,0,0,0
maravpe01,1977,1,0,0,0
thompda01,1977,1,0,0,0
westppa01,1977,1,0,0,0
ervinju01,1977,2,0,0,0
gervige01,1977,2,0,0,0
mcginge01,1977,2,0,0,0
waltobi01,1977,2,1,0,0
whitejo01,1977,2,0,0,0
bucknqu01,1978,0,2,0,0
busedo01,1978,0,1,0,0
colemec01,1978,0,2,0,0
grossbo01,1978,0,2,0,0
hollili01,1978,0,1,0,0
jonesbo01,1978,0,1,0,0
vanlino01,1978,0,2,0,0
ervinju01,1978,1,0,0,0
gervige01,1978,1,0,0,0
robintr01,1978,1,0,0,0
thompda01,1978,1,0,0,0
waltobi01,1978,1,1,1,0
abdulka01,1978,2,2,0,0
daviswa03,1978,2,0,0,0
lucasma01,1978,2,1,0,0
maravpe01,1978,2,0,0,0
westppa01,1978,2,0,0,0
busedo01,1979,0,1,0,0
carrml01,1979,0,2,0,0
hollili01,1979,0,2,0,0
johnsde01,1979,0,1,0,0
johnsed02,1979,0,2,0,0
jonesbo01,1979,0,1,0,0
lucasma01,1979,0,2,0,0
gervige01,1979,1,0,0,0
hayesel01,1979,1,0,0,0
johnsma01,1979,1,0,0,0
malonmo01,1979,1,2,1,0
westppa01,1979,1,0,0,0
abdulka01,1979,2,1,0,0
dandrbo01,1979,2,1,0,0
daviswa03,1979,2,0,0,0
fordph01,1979,2,0,0,0
freewo01,1979,2,0,0,0
bucknqu01,1980,0,2,0,0
busedo01,1980,0,1,0,0
cowenda01,1980,0,2,0,0
johnsed02,1980,0,2,0,0
jonesbo01,1980,0,1,0,0
washike01,1980,0,2,0,0
wedmasc01,1980,0,2,0,0
abdulka01,1980,1,1,1,0
birdla01,1980,1,0,0,0
ervinju01,1980,1,0,0,0
gervige01,1980,1,0,0,0
westppa01,1980,1,0,0,0
johnsde01,1980,2,1,0,0
johnsma01,1980,2,0,0,0
malonmo01,1980,2,0,0,0
roundda01,1980,2,1,0,0
willigu01,1980,2,0,0,0
bradldu01,1981,0,2,0,0
bucknqu01,1981,0,2,0,0
johnsge02,1981,0,2,0,0
jonesbo01,1981,0,1,0,0
jonesca01,1981,0,1,0,0
richami01,1981,0,1,0,0
roundda01,1981,0,2,0,0
washike01,1981,0,2,0,0
abdulka01,1981,1,1,0,0
birdla01,1981,1,0,0,0
ervinju01,1981,1,0,1,0
gervige01,1981,1,0,0,0
johnsde01,1981,1,1,0,0
architi01,1981,2,0,0,0
birdsot01,1981,2,0,0,0
dantlad01,1981,2,0,0,0
johnsma01,1981,2,0,0,0
malonmo01,1981,2,0,0,0
bucknqu01,1982,0,2,0,0
coopemi01,1982,0,1,0,0
johnsde01,1982,0,1,0,0
jonesbo01,1982,0,1,0,0
jonesca01,1982,0,1,0,0
roundda01,1982,0,1,0,0
sheltlo01,1982,0,2,0,0
sikmaja01,1982,0,2,0,0
birdla01,1982,1,2,0,0
ervinju01,1982,1,0,0,0
gervige01,1982,1,0,0,0
malonmo01,1982,1,0,1,0
willigu01,1982,1,0,0,0
englial01,1982,2,0,0,0
johnsma02,1982,2,0,0,0
kingbe01,1982,2,0,0,0
moncrsi01,1982,2,2,0,0
parisro01,1982,2,0,0,0
cheekma01,1983,0,1,0,0
coopemi01,1983,0,2,0,0
dunntr01,1983,0,2,0,0
jonesbo01,1983,0,1,0,0
mchalke01,1983,0,2,0,0
rollitr01,1983,0,2,0,0
roundda01,1983,0,1,0,0
birdla01,1983,1,2,0,0
ervinju01,1983,1,0,0,0
johnsma02,1983,1,0,0,0
malonmo01,1983,1,1,1,0
moncrsi01,1983,1,1,0,1
abdulka01,1983,2,0,0,0
englial01,1983,2,0,0,0
gervige01,1983,2,0,0,0
thomais01,1983,2,0,0,0
willibu01,1983,2,0,0,0
cheekma01,1984,0,1,0,0
coopemi01,1984,0,1,0,0
dunntr01,1984,0,2,0,0
johnsde01,1984,0,2,0,0
jonesbo01,1984,0,1,0,0
rollitr01,1984,0,1,0,0
roundda01,1984,0,2,0,0
abdulka01,1984,1,2,0,0
birdla01,1984,1,2,1,0
johnsma02,1984,1,0,0,0
kingbe01,1984,1,0,0,0
thomais01,1984,1,0,0,0
dantlad01,1984,2,0,0,0
ervinju01,1984,2,0,0,0
malonmo01,1984,2,0,0,0
moncrsi01,1984,2,1,0,1
paxsoji02,1984,2,0,0,0
cheekma01,1985,0,1,0,0
coopemi01,1985,0,1,0,0
dunntr01,1985,0,2,0,0
eatonma01,1985,0,1,0,1
johnsde01,1985,0,2,0,0
jonesbo01,1985,0,2,0,0
olajuha01,1985,0,2,0,0
presspa01,1985,0,1,0,0
vraneda01,1985,0,2,0,0
birdla01,1985,1,0,1,0
johnsma02,1985,1,0,0,0
kingbe01,1985,1,0,0,0
malonmo01,1985,1,0,0,0
thomais01,1985,1,0,0,0
abdulka01,1985,2,0,0,0
cummite01,1985,2,0,0,0
jordami01,1985,2,0,0,0
moncrsi01,1985,2,1,0,0
sampsra01,1985,2,0,0,0
bolma01,1986,0,2,0,0
cheekma01,1986,0,1,0,0
coopemi01,1986,0,2,0,0
eatonma01,1986,0,1,0,0
hanzlbi01,1986,0,2,0,0
johnsde01,1986,0,2,0,0
mchalke01,1986,0,1,0,0
presspa01,1986,0,1,0,0
abdulka01,1986,1,0,0,0
birdla01,1986,1,0,1,0
johnsma02,1986,1,0,0,0
thomais01,1986,1,0,0,0
wilkido01,1986,1,0,0,0
barklch01,1986,2,0,0,0
englial01,1986,2,0,0,0
moncrsi01,1986,2,1,0,0
olajuha01,1986,2,0,0,0
roberal01,1986,2,2,0,1
cheekma01,1987,0,2,0,0
coopemi01,1987,0,1,0,1
eatonma01,1987,0,2,0,0
harpede01,1987,0,2,0,0
johnsde01,1987,0,1,0,0
mccraro01,1987,0,2,0,0
presspa01,1987,0,2,0,0
roberal01,1987,0,1,0,0
birdla01,1987,1,0,0,0
johnsma02,1987,1,0,1,0
jordami01,1987,1,0,0,0
mchalke01,1987,1,1,0,0
olajuha01,1987,1,1,0,0
barklch01,1987,2,0,0,0
leverfa01,1987,2,0,0,0
malonmo01,1987,2,0,0,0
thomais01,1987,2,0,0,0
wilkido01,1987,2,0,0,0
coopemi01,1988,0,1,0,0
eatonma01,1988,0,2,0,0
leverfa01,1988,0,2,0,0
mccraro01,1988,0,1,0,0
mchalke01,1988,0,1,0,0
roberal01,1988,0,2,0,0
willibu01,1988,0,2,0,0
barklch01,1988,1,0,0,0
birdla01,1988,1,0,0,0
johnsma02,1988,1,0,0,0
jordami01,1988,1,1,1,1
olajuha01,1988,1,1,0,0
drexlcl01,1988,2,0,0,0
ewingpa01,1988,2,0,0,0
malonka01,1988,2,2,0,0
stockjo01,1988,2,0,0,0
wilkido01,1988,2,0,0,0
dumarjo01,1989,0,1,0,0
eatonma01,1989,0,1,0,1
greenac01,1989,0,2,0,0
mchalke01,1989,0,2,0,0
nancela01,1989,0,1,0,0
roberal01,1989,0,2,0,0
rodmade01,1989,0,1,0,0
barklch01,1989,1,0,0,0
johnsma02,1989,1,0,1,0
jordami01,1989,1,1,0,0
malonka01,1989,1,0,0,0
olajuha01,1989,1,0,0,0
chambto01,1989,2,0,0,0
ewingpa01,1989,2,2,0,0
johnske02,1989,2,0,0,0
mullich01,1989,2,0,0,0
stockjo01,1989,2,2,0,0
cummite01,1989,3,0,0,0
ellisda01,1989,3,0,0,0
parisro01,1989,3,0,0,0
pricema01,1989,3,0,0,0
wilkido01,1989,3,0,0,0
harpede01,1990,0,2,0,0
mahorri01,1990,0,2,0,0
mchalke01,1990,0,2,0,0
roberal01,1990,0,2,0,0
rodmade01,1990,0,1,0,1
willibu01,1990,0,1,0,0
barklch01,1990,1,0,0,0
ewingpa01,1990,1,0,0,0
johnsma02,1990,1,0,1,0
jordami01,1990,1,1,0,0
malonka01,1990,1,0,0,0
birdla01,1990,2,0,0,0
chambto01,1990,2,0,0,0
johnske02,1990,2,0,0,0
olajuha01,1990,2,1,0,0
stockjo01,1990,2,0,0,0
drexlcl01,1990,3,0,0,0
dumarjo01,1990,3,1,0,0
mullich01,1990,3,0,0,0
robinda01,1990,3,2,0,0
worthja01,1990,3,0,0,0
majerda01,1991,0,2,0,0
pippesc01,1991,0,2,0,0
roberal01,1991,0,1,0,0
rodmade01,1991,0,1,0,1
willibu01,1991,0,1,0,0
barklch01,1991,1,0,0,0
johnsma02,1991,1,0,0,0
jordami01,1991,1,1,1,0
malonka01,1991,1,0,0,0
robinda01,1991,1,1,0,0
drexlcl01,1991,2,0,0,0
ewingpa01,1991,2,0,0,0
johnske02,1991,2,0,0,0
mullich01,1991,2,0,0,0
wilkido01,1991,2,0,0,0
dumarjo01,1991,3,2,0,0
kingbe01,1991,3,0,0,0
olajuha01,1991,3,2,0,0
stockjo01,1991,3,2,0,0
worthja01,1991,3,0,0,0
dumarjo01,1992,0,1,0,0
nancela01,1992,0,2,0,0
willibu01,1992,0,2,0,0
willimi02,1992,0,2,0,0
drexlcl01,1992,1,0,0,0
jordami01,1992,1,1,1,0
malonka01,1992,1,0,0,0
mullich01,1992,1,0,0,0
robinda01,1992,1,1,0,1
barklch01,1992,2,0,0,0
ewingpa01,1992,2,2,0,0
hardati01,1992,2,0,0,0
pippesc01,1992,2,1,0,0
stockjo01,1992,2,2,0,0
daughbr01,1992,3,0,0,0
johnske02,1992,3,0,0,0
pricema01,1992,3,0,0,0
rodmade01,1992,3,1,0,0
willike02,1992,3,0,0,0
grantho01,1993,0,2,0,0
majerda01,1993,0,2,0,0
nancela01,1993,0,2,0,0
rodmade01,1993,0,1,0,0
starkjo01,1993,0,2,0,0
barklch01,1993,1,0,1,0
jordami01,1993,1,1,0,0
malonka01,1993,1,0,0,0
olajuha01,1993,1,1,0,1
pricema01,1993,1,0,0,0
dumarjo01,1993,2,1,0,0
ewingpa01,1993,2,0,0,0
johnsla02,1993,2,0,0,0
stockjo01,1993,2,0,0,0
wilkido01,1993,2,0,0,0
colemde01,1993,3,0,0,0
hardati01,1993,3,0,0,0
petrodr01,1993,3,0,0,0
pippesc01,1993,3,1,0,0
robinda01,1993,3,2,0,0
blaylmo01,1994,0,1,0,0
grantho01,1994,0,2,0,0
mcmilna01,1994,0,2,0,0
oaklech01,1994,0,1,0,0
rodmade01,1994,0,2,0,0
malonka01,1994,1,0,0,0
olajuha01,1994,1,1,1,1
pippesc01,1994,1,1,0,0
sprewla01,1994,1,2,0,0
stockjo01,1994,1,0,0,0
barklch01,1994,2,0,0,0
johnske02,1994,2,0,0,0
kempsh01,1994,2,0,0,0
richmmi01,1994,2,0,0,0
robinda01,1994,2,2,0,0
colemde01,1994,3,0,0,0
onealsh01,1994,3,0,0,0
paytoga01,1994,3,1,0,0
pricema01,1994,3,0,0,0
wilkido01,1994,3,0,0,0
blaylmo01,1995,0,1,0,0
grantho01,1995,0,2,0,0
mckeyde01,1995,0,2,0,0
mcmilna01,1995,0,2,0,0
mutomdi01,1995,0,2,0,1
hardaan01,1995,1,0,0,0
malonka01,1995,1,0,0,0
pippesc01,1995,1,1,0,0
robinda01,1995,1,1,1,0
stockjo01,1995,1,2,0,0
barklch01,1995,2,0,0,0
kempsh01,1995,2,0,0,0
onealsh01,1995,2,0,0,0
paytoga01,1995,2,1,0,0
richmmi01,1995,2,0,0,0
drexlcl01,1995,3,0,0,0
millere01,1995,3,0,0,0
olajuha01,1995,3,0,0,0
rodmade01,1995,3,1,0,0
schrede01,1995,3,0,0,0
blaylmo01,1996,0,2,0,0
grantho01,1996,0,2,0,0
mckeyde01,1996,0,2,0,0
phillbo01,1996,0,2,0,0
rodmade01,1996,0,1,0,0
hardaan01,1996,1,0,0,0
jordami01,1996,1,1,1,0
malonka01,1996,1,0,0,0
pippesc01,1996,1,1,0,0
robinda01,1996,1,1,0,0
hillgr01,1996,2,0,0,0
kempsh01,1996,2,0,0,0
olajuha01,1996,2,2,0,0
paytoga01,1996,2,1,0,1
stockjo01,1996,2,0,0,0
barklch01,1996,3,0,0,0
howarju01,1996,3,0,0,0
millere01,1996,3,0,0,0
onealsh01,1996,3,0,0,0
richmmi01,1996,3,0,0,0
blaylmo01,1997,0,2,0,0
brownpj01,1997,0,2,0,0
mutomdi01,1997,0,1,0,1
hardati01,1997,1,0,0,0
hillgr01,1997,1,0,0,0
jordami01,1997,1,1,0,0
malonka01,1997,1,1,1,0
olajuha01,1997,1,2,0,0
ewingpa01,1997,2,0,0,0
paytoga01,1997,2,1,0,0
pippesc01,1997,2,1,0,0
ricegl01,1997,2,0,0,0
richmmi01,1997,2,0,0,0
bakervi01,1997,3,0,0,0
hardaan01,1997,3,0,0,0
masonan01,1997,3,2,0,0
onealsh01,1997,3,0,0,0
stockjo01,1997,3,2,0,0
blaylmo01,1998,0,2,0,0
jonesed02,1998,0,2,0,0
oaklech01,1998,0,2,0,0
duncati01,1998,1,2,0,0
jordami01,1998,1,1,1,0
malonka01,1998,1,1,0,0
onealsh01,1998,1,0,0,0
paytoga01,1998,1,1,0,0
bakervi01,1998,2,0,0,0
hardati01,1998,2,0,0,0
hillgr01,1998,2,0,0,0
robinda01,1998,2,2,0,0
stricro02,1998,2,0,0,0
millere01,1998,3,0,0,0
mutomdi01,1998,3,1,0,1
pippesc01,1998,3,1,0,0
ricegl01,1998,3,0,0,0
richmmi01,1998,3,0,0,0
blaylmo01,1999,0,2,0,0
brownpj01,1999,0,2,0,0
jonesed02,1999,0,2,0,0
mutomdi01,1999,0,2,0,0
ratlith01,1999,0,2,0,0
duncati01,1999,1,1,0,0
iversal01,1999,1,0,0,0
kiddja01,1999,1,1,0,0
malonka01,1999,1,1,1,0
mournal01,1999,1,1,0,1
hardati01,1999,2,0,0,0
hillgr01,1999,2,0,0,0
onealsh01,1999,2,0,0,0
paytoga01,1999,2,1,0,0
webbech01,1999,2,0,0,0
bryanko01,1999,3,0,0,0
garneke01,1999,3,0,0,0
mcdyean01,1999,3,0,0,0
olajuha01,1999,3,0,0,0
stockjo01,1999,3,0,0,0
pippesc01,2000,0,2,0,0
robincl02,2000,0,2,0,0
duncati01,2000,1,1,0,0
garneke01,2000,1,1,0,0
kiddja01,2000,1,2,0,0
onealsh01,2000,1,2,1,0
paytoga01,2000,1,1,0,0
bryanko01,2000,2,1,0,0
hillgr01,2000,2,0,0,0
iversal01,2000,2,0,0,0
malonka01,2000,2,0,0,0
mournal01,2000,2,1,0,1
cartevi01,2000,3,0,0,0
jonesed02,2000,3,2,0,0
marbust01,2000,3,0,0,0
robinda01,2000,3,0,0,0
webbech01,2000,3,0,0,0
bowenbr01,2001,0,2,0,0
brownpj01,2001,0,2,0,0
chrisdo01,2001,0,2,0,0
duncati01,2001,1,1,0,0
iversal01,2001,1,0,1,0
kiddja01,2001,1,1,0,0
onealsh01,2001,1,2,0,0
webbech01,2001,1,0,0,0
bryanko01,2001,2,2,0,0
cartevi01,2001,2,0,0,0
garneke01,2001,2,1,0,0
mcgratr01,2001,2,0,0,0
mutomdi01,2001,2,1,0,1
allenra02,2001,3,0,0,0
malonka01,2001,3,0,0,0
nowitdi01,2001,3,0,0,0
paytoga01,2001,3,1,0,0
robinda01,2001,3,0,0,0
bowenbr01,2002,0,2,0,0
chrisdo01,2002,0,2,0,0
robincl02,2002,0,2,0,0
bryanko01,2002,1,2,0,0
duncati01,2002,1,1,1,0
kiddja01,2002,1,1,0,0
mcgratr01,2002,1,0,0,0
onealsh01,2002,1,0,0,0
garneke01,2002,2,1,0,0
iversal01,2002,2,0,0,0
nowitdi01,2002,2,0,0,0
paytoga01,2002,2,1,0,0
webbech01,2002,2,0,0,0
mutomdi01,2002,3,2,0,0
nashst01,2002,3,0,0,0
onealje01,2002,3,0,0,0
piercpa01,2002,3,0,0,0
wallabe01,2002,3,1,0,1
artesro01,2003,0,2,0,0
bowenbr01,2003,0,2,0,0
chrisdo01,2003,0,1,0,0
snower01,2003,0,2,0,0
bryanko01,2003,1,1,0,0
duncati01,2003,1,1,1,0
garneke01,2003,1,1,0,0
mcgratr01,2003,1,0,0,0
onealsh01,2003,1,2,0,0
iversal01,2003,2,0,0,0
kiddja01,2003,2,2,0,0
nowitdi01,2003,2,0,0,0
wallabe01,2003,2,1,0,1
webbech01,2003,2,0,0,0
marbust01,2003,3,0,0,0
mashbja01,2003,3,0,0,0
nashst01,2003,3,0,0,0
onealje01,2003,3,0,0,0
piercpa01,2003,3,0,0,0
bowenbr01,2004,0,1,0,0
chrisdo01,2004,0,2,0,0
kirilan01,2004,0,2,0,0
ratlith01,2004,0,2,0,0
bryanko01,2004,1,1,0,0
duncati01,2004,1,2,0,0
garneke01,2004,1,1,1,0
kiddja01,2004,1,2,0,0
onealsh01,2004,1,0,0,0
cassesa01,2004,2,0,0,0
mcgratr01,2004,2,0,0,0
onealje01,2004,2,0,0,0
stojape01,2004,2,0,0,0
wallabe01,2004,2,1,0,0
artesro01,2004,3,1,0,1
davisba01,2004,3,0,0,0
mingya01,2004,3,0,0,0
nowitdi01,2004,3,0,0,0
reddmi01,2004,3,0,0,0
billuch01,2005,0,2,0,0
bowenbr01,2005,0,1,0,0
cambyma01,2005,0,2,0,0
hughela01,2005,0,1,0,0
kiddja01,2005,0,2,0,0
kirilan01,2005,0,2,0,0
princta01,2005,0,2,0,0
duncati01,2005,1,1,0,0
iversal01,2005,1,0,0,0
nashst01,2005,1,0,1,0
nowitdi01,2005,1,0,0,0
onealsh01,2005,1,0,0,0
allenra02,2005,2,0,0,0
garneke01,2005,2,1,0,0
jamesle01,2005,2,0,0,0
stoudam01,2005,2,0,0,0
wadedw01,2005,2,0,0,0
arenagi01,2005,3,0,0,0
bryanko01,2005,3,0,0,0
mariosh01,2005,3,0,0,0
mcgratr01,2005,3,0,0,0
wallabe01,2005,3,1,0,1
artesro01,2006,0,1,0,0
bowenbr01,2006,0,1,0,0
cambyma01,2006,0,2,0,0
garneke01,2006,0,2,0,0
kirilan01,2006,0,1,0,0
princta01,2006,0,2,0,0
bryanko01,2006,1,1,0,0
jamesle01,2006,1,0,0,0
nashst01,2006,1,0,1,0
nowitdi01,2006,1,0,0,0
onealsh01,2006,1,0,0,0
billuch01,2006,2,2,0,0
brandel01,2006,2,0,0,0
duncati01,2006,2,2,0,0
wadedw01,2006,2,0,0,0
wallabe01,2006,2,1,0,1
anthoca01,2006,3,0,0,0
arenagi01,2006,3,0,0,0
iversal01,2006,3,0,0,0
mariosh01,2006,3,0,0,0
mingya01,2006,3,0,0,0
bellra01,2007,0,1,0,0
bowenbr01,2007,0,1,0,0
cambyma01,2007,0,1,0,1
hinriki01,2007,0,2,0,0
kiddja01,2007,0,2,0,0
princta01,2007,0,2,0,0
wallabe01,2007,0,2,0,0
bryanko01,2007,1,1,0,0
duncati01,2007,1,1,0,0
nashst01,2007,1,0,0,0
nowitdi01,2007,1,0,1,0
stoudam01,2007,1,0,0,0
arenagi01,2007,2,0,0,0
boshch01,2007,2,0,0,0
jamesle01,2007,2,0,0,0
mcgratr01,2007,2,0,0,0
mingya01,2007,2,0,0,0
anthoca01,2007,3,0,0,0
billuch01,2007,3,0,0,0
garneke01,2007,3,2,0,0
howardw01,2007,3,0,0,0
wadedw01,2007,3,0,0,0
battish01,2008,0,2,0,0
bellra01,2008,0,2,0,0
bowenbr01,2008,0,1,0,0
cambyma01,2008,0,1,0,0
princta01,2008,0,2,0,0
bryanko01,2008,1,1,1,0
garneke01,2008,1,1,0,1
howardw01,2008,1,2,0,0
jamesle01,2008,1,0,0,0
paulch01,2008,1,2,0,0
duncati01,2008,2,1,0,0
nashst01,2008,2,0,0,0
nowitdi01,2008,2,0,0,0
stoudam01,2008,2,0,0,0
willide01,2008,2,0,0,0
boozeca01,2008,3,0,0,0
ginobma01,2008,3,0,0,0
mcgratr01,2008,3,0,0,0
mingya01,2008,3,0,0,0
piercpa01,2008,3,0,0,0
artesro01,2009,0,2,0,0
battish01,2009,0,2,0,0
garneke01,2009,0,1,0,0
rondora01,2009,0,2,0,0
bryanko01,2009,1,1,0,0
howardw01,2009,1,1,0,1
jamesle01,2009,1,1,1,0
nowitdi01,2009,1,0,0,0
wadedw01,2009,1,2,0,0
duncati01,2009,2,2,0,0
mingya01,2009,2,0,0,0
paulch01,2009,2,1,0,0
piercpa01,2009,2,0,0,0
roybr01,2009,2,0,0,0
anthoca01,2009,3,0,0,0
billuch01,2009,3,0,0,0
gasolpa01,2009,3,0,0,0
onealsh01,2009,3,0,0,0
parketo01,2009,3,0,0,0
rondora01,2010,0,1,0,0
sefolth01,2010,0,2,0,0
smithjo03,2010,0,2,0,0
varejan01,2010,0,2,0,0
wallage01,2010,0,1,0,0
bryanko01,2010,1,1,0,0
duranke01,2010,1,0,0,0
howardw01,2010,1,1,0,1
jamesle01,2010,1,1,1,0
wadedw01,2010,1,2,0,0
anthoca01,2010,2,0,0,0
nashst01,2010,2,0,0,0
nowitdi01,2010,2,0,0,0
stoudam01,2010,2,0,0,0
willide01,2010,2,0,0,0
bogutan01,2010,3,0,0,0
duncati01,2010,3,2,0,0
gasolpa01,2010,3,0,0,0
johnsjo02,2010,3,0,0,0
roybr01,2010,3,0,0,0
allento01,2011,0,2,0,0
chandty01,2011,0,2,0,0
garneke01,2011,0,1,0,0
iguodan01,2011,0,2,0,0
noahjo01,2011,0,2,0,0
rondora01,2011,0,1,0,0
bryanko01,2011,1,1,0,0
duranke01,2011,1,0,0,0
howardw01,2011,1,1,0,1
jamesle01,2011,1,1,0,0
rosede01,2011,1,0,1,0
gasolpa01,2011,2,0,0,0
nowitdi01,2011,2,0,0,0
stoudam01,2011,2,0,0,0
wadedw01,2011,2,0,0,0
westbru01,2011,2,0,0,0
aldrila01,2011,3,0,0,0
ginobma01,2011,3,0,0,0
horfoal01,2011,3,0,0,0
paulch01,2011,3,2,0,0
randoza01,2011,3,0,0,0
allento01,2012,0,1,0,0
denglu01,2012,0,2,0,0
garneke01,2012,0,2,0,0
ibakase01,2012,0,1,0,0
bryanko01,2012,1,2,0,0
duranke01,2012,1,0,0,0
howardw01,2012,1,1,0,0
jamesle01,2012,1,1,1,0
paulch01,2012,1,1,0,0
bynuman01,2012,2,0,0,0
griffbl01,2012,2,0,0,0
loveke01,2012,2,0,0,0
parketo01,2012,2,0,0,0
westbru01,2012,2,0,0,0
anthoca01,2012,3,0,0,0
chandty01,2012,3,2,0,1
nowitdi01,2012,3,0,0,0
rondora01,2012,3,2,0,0
wadedw01,2012,3,0,0,0
allento01,2013,0,1,0,0
bradlav01,2013,0,2,0,0
chandty01,2013,0,1,0,0
conlemi01,2013,0,2,0,0
ibakase01,2013,0,1,0,0
bryanko01,2013,1,0,0,0
duncati01,2013,1,2,0,0
duranke01,2013,1,0,0,0
jamesle01,2013,1,1,1,0
paulch01,2013,1,1,0,0
anthoca01,2013,2,0,0,0
gasolma01,2013,2,2,0,1
griffbl01,2013,2,0,0,0
parketo01,2013,2,0,0,0
westbru01,2013,2,0,0,0
georgpa01,2013,3,2,0,0
hardeja01,2013,3,0,0,0
howardw01,2013,3,0,0,0
leeda02,2013,3,0,0,0
wadedw01,2013,3,0,0,0
beverpa01,2014,0,2,0,0
butleji01,2014,0,2,0,0
hibbero01,2014,0,2,0,0
ibakase01,2014,0,1,0,0
iguodan01,2014,0,1,0,0
leonaka01,2014,0,2,0,0
duranke01,2014,1,0,1,0
hardeja01,2014,1,0,0,0
jamesle01,2014,1,2,0,0
noahjo01,2014,1,1,0,1
paulch01,2014,1,1,0,0
curryst01,2014,2,0,0,0
griffbl01,2014,2,0,0,0
howardw01,2014,2,0,0,0
loveke01,2014,2,0,0,0
parketo01,2014,2,0,0,0
aldrila01,2014,3,0,0,0
dragigo01,2014,3,0,0,0
georgpa01,2014,3,1,0,0
jeffeal01,2014,3,0,0,0
lillada01,2014,3,0,0,0
allento01,2015,0,1,0,0
bogutan01,2015,0,2,0,0
butleji01,2015,0,2,0,0
greendr01,2015,0,1,0,0
leonaka01,2015,0,1,0,1
walljo01,2015,0,2,0,0
curryst01,2015,1,0,1,0
davisan02,2015,1,2,0,0
gasolma01,2015,1,0,0,0
hardeja01,2015,1,0,0,0
jamesle01,2015,1,0,0,0
aldrila01,2015,2,0,0,0
couside01,2015,2,0,0,0
gasolpa01,2015,2,0,0,0
paulch01,2015,2,1,0,0
westbru01,2015,2,0,0,0
duncati01,2015,3,2,0,0
griffbl01,2015,3,0,0,0
irvinky01,2015,3,0,0,0
jordade01,2015,3,1,0,0
thompkl01,2015,3,0,0,0
allento01,2016,0,2,0,0
bradlav01,2016,0,1,0,0
butleji01,2016,0,2,0,0
millspa01,2016,0,2,0,0
whiteha01,2016,0,2,0,0
curryst01,2016,1,0,1,0
jamesle01,2016,1,0,0,0
jordade01,2016,1,1,0,0
leonaka01,2016,1,1,0,1
westbru01,2016,1,0,0,0
couside01,2016,2,0,0,0
duranke01,2016,2,0,0,0
greendr01,2016,2,1,0,0
lillada01,2016,2,0,0,0
paulch01,2016,2,1,0,0
aldrila01,2016,3,0,0,0
drumman01,2016,3,0,0,0
georgpa01,2016,3,2,0,0
lowryky01,2016,3,0,0,0
thompkl01,2016,3,0,0,0
allento01,2017,0,2,0,0
beverpa01,2017,0,1,0,0
greenda02,2017,0,2,0,0
paulch01,2017,0,1,0,0
roberan03,2017,0,2,0,0
davisan02,2017,1,2,0,0
hardeja01,2017,1,0,0,0
jamesle01,2017,1,0,0,0
leonaka01,2017,1,1,0,0
westbru01,2017,1,0,1,0
antetgi01,2017,2,2,0,0
curryst01,2017,2,0,0,0
duranke01,2017,2,0,0,0
goberru01,2017,2,1,0,0
thomais02,2017,2,0,0,0
butleji01,2017,3,0,0,0
derozde01,2017,3,0,0,0
greendr01,2017,3,1,0,1
jordade01,2017,3,0,0,0
walljo01,2017,3,0,0,0
covinro01,2018,0,1,0,0
goberru01,2018,0,1,0,1
greendr01,2018,0,2,0,0
holidjr01,2018,0,1,0,0
horfoal01,2018,0,2,0,0
murrade01,2018,0,2,0,0
davisan02,2018,1,1,0,0
duranke01,2018,1,0,0,0
hardeja01,2018,1,0,1,0
jamesle01,2018,1,0,0,0
lillada01,2018,1,0,0,0
aldrila01,2018,2,0,0,0
antetgi01,2018,2,0,0,0
derozde01,2018,2,0,0,0
embiijo01,2018,2,2,0,0
westbru01,2018,2,0,0,0
butleji01,2018,3,2,0,0
curryst01,2018,3,0,0,0
georgpa01,2018,3,0,0,0
oladivi01,2018,3,1,0,0
townska01,2018,3,0,0,0
bledser01,2019,0,1,0,0
greendr01,2019,0,2,0,0
holidjr01,2019,0,2,0,0
smartma01,2019,0,1,0,0
thompkl01,2019,0,2,0,0
antetgi01,2019,1,1,1,0
curryst01,2019,1,0,0,0
georgpa01,2019,1,1,0,0
hardeja01,2019,1,0,0,0
jokicni01,2019,1,0,0,0
duranke01,2019,2,0,0,0
embiijo01,2019,2,2,0,0
irvinky01,2019,2,0,0,0
leonaka01,2019,2,2,0,0
lillada01,2019,2,0,0,0
goberru01,2019,3,1,0,1
griffbl01,2019,3,0,0,0
jamesle01,2019,3,0,0,0
walkeke02,2019,3,0,0,0
westbru01,2019,3,0,0,0
adebaba01,2020,0,2,0,0
beverpa01,2020,0,2,0,0
bledser01,2020,0,2,0,0
lopezbr01,2020,0,2,0,0
smartma01,2020,0,1,0,0
antetgi01,2020,1,1,1,1
davisan02,2020,1,1,0,0
doncilu01,2020,1,0,0,0
hardeja01,2020,1,0,0,0
jamesle01,2020,1,0,0,0
jokicni01,2020,2,0,0,0
leonaka01,2020,2,2,0,0
lillada01,2020,2,0,0,0
paulch01,2020,2,0,0,0
siakapa01,2020,2,0,0,0
butleji01,2020,3,0,0,0
goberru01,2020,3,1,0,0
simmobe01,2020,3,1,0,0
tatumja01,2020,3,0,0,0
westbru01,2020,3,0,0,0
adebaba01,2021,0,2,0,0
greendr01,2021,0,1,0,0
holidjr01,2021,0,1,0,0
simmobe01,2021,0,1,0,0
thybuma01,2021,0,2,0,0
antetgi01,2021,1,1,0,0
curryst01,2021,1,0,0,0
doncilu01,2021,1,0,0,0
jokicni01,2021,1,0,1,0
leonaka01,2021,1,2,0,0
embiijo01,2021,2,2,0,0
jamesle01,2021,2,0,0,0
lillada01,2021,2,0,0,0
paulch01,2021,2,0,0,0
randlju01,2021,2,0,0,0
bealbr01,2021,3,0,0,0
butleji01,2021,3,2,0,0
georgpa01,2021,3,0,0,0
goberru01,2021,3,1,0,1
irvinky01,2021,3,0,0,0
adebaba01,2022,0,2,0,0
bridgmi01,2022,0,1,0,0
goberru01,2022,0,1,0,0
greendr01,2022,0,2,0,0
holidjr01,2022,0,2,0,0
jacksja02,2022,0,1,0,0
smartma01,2022,0,1,0,1
thybuma01,2022,0,2,0,0
williro04,2022,0,2,0,0
antetgi01,2022,1,1,0,0
bookede01,2022,1,0,0,0
doncilu01,2022,1,0,0,0
jokicni01,2022,1,0,1,0
tatumja01,2022,1,0,0,0
curryst01,2022,2,0,0,0
derozde01,2022,2,0,0,0
duranke01,2022,2,0,0,0
embiijo01,2022,2,0,0,0
moranja01,2022,2,0,0,0
jamesle01,2022,3,0,0,0
paulch01,2022,3,0,0,0
siakapa01,2022,3,0,0,0
townska01,2022,3,0,0,0
youngtr01,2022,3,0,0,0
adebaba01,2023,0,2,0,0
anunoog01,2023,0,2,0,0
brookdi01,2023,0,2,0,0
carusal01,2023,0,1,0,0
greendr01,2023,0,2,0,0
holidjr01,2023,0,1,0,0
jacksja02,2023,0,1,0,1
lopezbr01,2023,0,1,0,0
mobleev01,2023,0,1,0,0
whitede01,2023,0,2,0,0
antetgi01,2023,1,0,0,0
doncilu01,2023,1,0,0,0
embiijo01,2023,1,0,1,0
gilgesh01,2023,1,0,0,0
tatumja01,2023,1,0,0,0
brownja02,2023,2,0,0,0
butleji01,2023,2,0,0,0
curryst01,2023,2,0,0,0
jokicni01,2023,2,0,0,0
mitchdo01,2023,2,0,0,0
foxde01,2023,3,0,0,0
jamesle01,2023,3,0,0,0
lillada01,2023,3,0,0,0
randlju01,2023,3,0,0,0
sabondo01,2023,3,0,0,0
adebaba01,2024,0,1,0,0
carusal01,2024,0,2,0,0
goberru01,2024,0,1,0,1
holidjr01,2024,0,2,0,0
joneshe01,2024,0,1,0,0
mcdanja02,2024,0,2,0,0
suggsja01,2024,0,2,0,0
wembavi01,2024,0,1,0,0
whitede01,2024,0,2,0,0
antetgi01,2024,1,0,0,0
doncilu01,2024,1,0,0,0
gilgesh01,2024,1,0,0,0
jokicni01,2024,1,0,1,0
tatumja01,2024,1,0,0,0
brunsja01,2024,2,0,0,0
davisan02,2024,2,1,0,0
duranke01,2024,2,0,0,0
edwaran01,2024,2,0,0,0
leonaka01,2024,2,0,0,0
bookede01,2024,3,0,0,0
curryst01,2024,3,0,0,0
halibty01,2024,3,0,0,0
jamesle01,2024,3,0,0,0
sabondo01,2024,3,0,0,0
camarto01,2025,0,2,0,0
daniedy01,2025,0,1,0,0
dortlu01,2025,0,1,0,0
goberru01,2025,0,2,0,0
greendr01,2025,0,1,0,0
jacksja02,2025,0,2,0,0
thompam01,2025,0,1,0,0
zubaciv01,2025,0,2,0,0
antetgi01,2025,1,0,0,0
gilgesh01,2025,1,0,1,0
jokicni01,2025,1,0,0,0
mitchdo01,2025,1,0,0,0
tatumja01,2025,1,0,0,0
brunsja01,2025,2,0,0,0
curryst01,2025,2,0,0,0
edwaran01,2025,2,0,0,0
jamesle01,2025,2,0,0,0
mobleev01,2025,2,1,0,1
cunnica01,2025,3,0,0,0
halibty01,2025,3,0,0,0
hardeja01,2025,3,0,0,0
townska01,2025,3,0,0,0
willija06,2025,3,2,0,0
wembavi01,2026,0,0,0,1
