birth_date_bbref,birth_city,birth_country_code,player_id,fetch_error,player_name,birth_country,is_international
1993-08-01,Palma de Mallorca,es,abrinal01,,Álex Abrines,Spain,1
1999-09-19,Port Harcourt,ng,achiupr01,,Precious Achiuwa,Nigeria,1
1990-10-06,Tyler,us,acyqu01,,Quincy Acy,USA,0
1996-05-04,Baltimore,us,adamsja01,,Jaylen Adams,USA,0
1993-07-20,Rotorua,nz,adamsst01,,Steven Adams,New Zealand,1
1997-07-18,Newark,us,adebaba01,,Bam Adebayo,USA,0
1985-10-15,Los Angeles,us,afflaar01,,Arron Afflalo,USA,0
2000-04-20,Milwaukee,us,agbajoc01,,Ochai Agbaji,USA,0
1988-05-06,Saint-Etienne,fr,ajincal01,,Alexis Ajinça,France,1
1988-10-31,Burnsville,us,aldrico01,,Cole Aldrich,USA,0
1985-07-19,Dallas,us,aldrila01,,LaMarcus Aldridge,USA,0
1998-09-02,Toronto,ca,alexani01,,Nickeil Alexander-Walker,Canada,1
1995-10-08,Jacksonville,us,allengr01,,Grayson Allen,USA,0
1998-04-21,San Diego,us,allenja01,,Jarrett Allen,USA,0
1989-02-04,Morrisville,us,allenla01,,Lavoy Allen,USA,0
1982-01-11,Chicago,us,allento01,,Tony Allen,USA,0
1998-04-12,Brooklyn,us,alvarjo01,,Jose Alvarado,USA,0
1990-09-21,Atlanta,us,aminual01,,Al-Farouq Aminu,USA,0
1982-10-16,Minneapolis,us,anderal01,,Alan Anderson,USA,0
1978-07-07,Long Beach,us,anderch01,,Chris Andersen,USA,0
1989-03-25,El Dorado,us,anderja01,,James Anderson,USA,0
1993-11-19,Montross,us,anderju01,,Justin Anderson,USA,0
1993-09-20,New York,us,anderky01,,Kyle Anderson,USA,0
1988-05-06,Sacramento,us,anderry01,,Ryan Anderson,USA,0
1994-12-06,Athens,gr,antetgi01,,Giannis Antetokounmpo,Greece,1
1992-07-18,Athens,gr,antetth01,,Thanasis Antetokounmpo,Greece,1
1984-05-29,Brooklyn,us,anthoca01,,Carmelo Anthony,USA,0
2000-05-15,Portland,us,anthoco01,,Cole Anthony,USA,0
1997-07-17,London,gb,anunoog01,,OG Anunoby,United Kingdom,1
1994-03-26,Philadelphia,us,arcidry01,,Ryan Arcidiacono,USA,0
1985-06-30,Miami,us,arizatr01,,Trevor Ariza,USA,0
1979-11-13,Queensbridge,us,artesro01,,Metta World Peace,USA,0
1988-03-25,Dallas,us,arthuda01,,Darrell Arthur,USA,0
1986-07-04,Bursa,tr,asikom01,,Ömer Aşık,Turkey,1
1987-11-10,New Orleans,us,augusdj01,,D.J. Augustin,USA,0
2001-01-03,Beit Zera,il,avdijde01,,Deni Avdija,Israel,1
1998-07-23,Nassau,bs,aytonde01,,Deandre Ayton,Bahamas,1
1999-09-17,Lagos,ng,azubuud01,,Udoka Azubuike,Nigeria,1
1989-06-20,Cincinnati,us,babbilu01,,Luke Babbitt,USA,0
1995-08-30,Lakeland,us,bacondw01,,Dwayne Bacon,USA,0
2002-10-13,Dakar,sn,badjiib01,,Ibou Badji,Senegal,1
1999-03-14,Tempe,us,baglema01,,Marvin Bagley III,USA,0
1993-03-30,Hays,us,bakerro01,,Ron Baker,USA,0
2002-11-18,Green Bay,us,baldwpa01,,Patrick Baldwin Jr.,USA,0
1996-03-29,Belle Mead,us,baldwwa01,,Wade Baldwin,USA,0
2001-08-22,Anaheim,us,ballla01,,LaMelo Ball,USA,0
1997-10-27,Anaheim,us,balllo01,,Lonzo Ball,USA,0
1998-05-12,Harlem,us,bambamo01,,Mo Bamba,USA,0
2002-11-12,Seattle,us,banchpa01,,Paolo Banchero,USA,0
1998-06-25,Richmond,us,banede01,,Desmond Bane,USA,0
1999-11-07,Toronto,ca,bantoda01,,Dalano Banton,Canada,1
1982-11-28,Sao Paulo,br,barbole01,,Leandro Barbosa,Brazil,1
1985-10-26,Rome,it,bargnan01,,Andrea Bargnani,Italy,1
2003-05-26,Hackensack,us,barlodo01,,Dominick Barlow,USA,0
1992-05-30,Ames,us,barneha02,,Harrison Barnes,USA,0
1980-03-09,Santa Clara,us,barnema02,,Matt Barnes,USA,0
2001-08-01,West Palm Beach,us,barnesc01,,Scottie Barnes,USA,0
2000-06-14,Toronto,ca,barrerj01,,RJ Barrett,Canada,1
1991-01-06,Baltimore,us,bartowi01,,Will Barton,USA,0
1985-04-30,Baton Rouge,us,bassbr01,,Brandon Bass,USA,0
2000-10-28,Lagos,ng,bassech01,,Charles Bassey,Nigeria,1
1996-01-23,Bloomington,us,bateske01,,Keita Bates-Diop,USA,0
1988-12-14,Lisieux,fr,batumni01,,Nicolas Batum,France,1
1988-08-20,Phoenix,us,bayleje01,,Jerryd Bayless,USA,0
1986-12-09,Gisborne,nz,baynear01,,Aron Baynes,New Zealand,1
1989-07-01,Kelford,us,bazemke01,,Kent Bazemore,USA,0
2000-06-12,Boston,us,bazleda01,,Darius Bazley,USA,0
1993-06-28,St. Louis,us,bealbr01,,Bradley Beal,USA,0
1996-11-26,Atlanta,us,beaslma01,,Malik Beasley,USA,0
1989-01-09,Cheverly,us,beaslmi01,,Michael Beasley,USA,0
2000-10-12,Yakima,us,beaucma01,,MarJon Beauchamp,USA,0
1986-03-25,San Giovanni in Persiceto,it,belinma01,,Marco Belinelli,Italy,1
1995-01-07,Los Angeles,us,belljo01,,Jordan Bell,USA,0
1994-07-04,Charlotte,us,bembrde01,,DeAndre' Bembry,USA,0
1997-11-17,Capljina,ba,bendedr01,,Dragan Bender,Bosnia and Herzegovina,1
1993-03-14,Toronto,ca,bennean01,,Anthony Bennett,Canada,1
1992-11-12,Valmiera,lv,bertada01,,Dāvis Bertāns,Latvia,1
1988-07-12,Chicago,us,beverpa01,,Patrick Beverley,USA,0
1999-04-09,Charlotte,us,beysa01,,Saddiq Bey,USA,0
1992-09-28,Montreal,ca,birchkh01,,Khem Birch,Canada,1
1999-07-20,Sagarejo,ge,bitadgo01,,Goga Bitadze,Georgia,1
1999-03-31,Kadıköy,tr,bitimon01,,Onuralp Bitim,Turkey,1
1992-08-28,Lubumbashi,cd,biyombi01,,Bismack Biyombo,Democratic Republic of the Congo,1
1988-05-09,Belgrade,rs,bjeline01,,Nemanja Bjelica,Serbia,1
2004-01-20,Duncanville,us,blackan01,,Anthony Black,USA,0
1999-06-14,Concord,us,blackle01,,Leaky Black,USA,0
1991-11-22,Memphis,us,blackta01,,Tarik Black,USA,0
1989-04-22,Pittsburgh,us,blairde01,,DeJuan Blair,USA,0
1996-10-04,Watertown,us,blakean01,,Antonio Blakeney,USA,0
1980-02-26,Hollywood,us,blakest01,,Steve Blake,USA,0
1989-12-09,Birmingham,us,bledser01,,Eric Bledsoe,USA,0
1995-11-24,Hot Springs,us,blevike01,,Keljin Blevins,USA,0
1992-08-18,Belgrade,rs,bogdabo01,,Bogdan Bogdanović,Serbia,1
1989-04-18,Mostar,ba,bogdabo02,,Bojan Bogdanović,Bosnia and Herzegovina,1
1984-11-28,Melbourne,au,bogutan01,,Andrew Bogut,Australia,1
1999-11-16,Khartoum,sd,bolbo01,,Bol Bol,Sudan,1
1996-01-02,Melbourne,au,boldejo01,,Jonah Bolden,Australia,1
2000-09-11,Las Varillas,ar,bolmale01,,Leandro Bolmaro,Argentina,1
1999-11-08,Neuwied,de,bongais01,,Isaac Bonga,Germany,1
1980-04-05,Concord,us,bonnema01,,Matt Bonner,USA,0
1996-10-30,Grand Rapids,us,bookede01,,Devin Booker,USA,0
1987-11-25,Newberry,us,booketr01,,Trevor Booker,USA,0
1984-03-24,Dallas,us,boshch01,,Chris Bosh,USA,0
1993-01-11,Castries,lc,bouchch01,,Chris Boucher,Saint Lucia,1
2000-09-18,Brooklyn,us,bouknja01,,James Bouknight,USA,0
1997-06-16,Havelock,us,bowmaky01,,Ky Bowman,USA,0
1990-11-26,Tacoma,us,bradlav01,,Avery Bradley,USA,0
1998-01-08,Bartow,us,bradlto01,,Tony Bradley,USA,0
2003-05-12,Columbus,us,branhma01,,Malaki Branham,USA,0
2001-04-17,Burlington,us,braunch01,,Christian Braun,USA,0
1999-01-08,Kaunas,lt,brazdig01,,Ignas Brazdeikis,Lithuania,1
1986-03-05,Portland,us,breweco01,,Corey Brewer,USA,0
1996-08-30,Philadelphia,us,bridgmi01,,Mikal Bridges,USA,0
1998-03-21,Flint,us,bridgmi02,,Miles Bridges,USA,0
1996-04-13,Newark,us,briscis01,,Isaiah Briscoe,USA,0
1998-06-20,Toronto,ca,brissos01,,Oshae Brissett,Canada,1
1990-08-23,Melbourne,au,broekry01,,Ryan Broekhoff,Australia,1
1992-12-11,Atlanta,us,brogdma01,,Malcolm Brogdon,USA,0
1985-01-14,Seattle,us,brookaa01,,Aaron Brooks,USA,0
1998-06-05,Waco,us,brookar01,,Armoni Brooks,USA,0
1996-01-22,Mississauga,ca,brookdi01,,Dillon Brooks,Canada,1
1989-01-26,Long Branch,us,brookma01,,MarShon Brooks,USA,0
1992-10-10,Bellflower,us,brownan02,,Anthony Brown,USA,0
1984-09-24,Los Angeles,us,brownbo02,,Bobby Brown,USA,0
1996-08-15,Boston,us,brownbr01,,Bruce Brown,USA,0
1997-02-02,Philadelphia,us,brownch02,,Charlie Brown Jr.,USA,0
2001-09-01,Dallas,us,browngr01,,Greg Brown III,USA,0
1996-10-24,Marietta,us,brownja02,,Jaylen Brown,USA,0
2000-01-01,Huntsville,us,brownko01,,Kobe Brown,USA,0
1990-08-26,Roswell,us,brownlo01,,Lorenzo Brown,USA,0
1992-01-29,Pineville,us,brownma02,,Markel Brown,USA,0
1999-10-13,New York,us,brownmo01,,Moses Brown,USA,0
1995-02-10,Maywood,us,brownst02,,Sterling Brown,USA,0
1999-07-28,Las Vegas,us,browntr01,,Troy Brown Jr.,USA,0
1996-08-31,New Brunswick,us,brunsja01,,Jalen Brunson,USA,0
1993-03-02,Santa Fe,ar,brussni01,,Nicolás Brussino,Argentina,1
1978-08-23,Philadelphia,us,bryanko01,,Kobe Bryant,USA,0
1997-07-31,Rochester,us,bryanth01,,Thomas Bryant,USA,0
1988-05-22,Encinitas,us,budinch01,,Chase Budinger,USA,0
1991-03-16,Baltimore,us,bullore01,,Reggie Bullock,USA,0
1992-11-12,Columbus,us,burketr01,,Trey Burke,USA,0
1991-07-20,Grandview,us,burksal01,,Alec Burks,USA,0
1994-01-31,Milwaukee,us,burtode02,,Deonte Burton,USA,0
2000-08-25,Reserve,us,butleja02,,Jared Butler,USA,0
1989-09-14,Houston,us,butleji01,,Jimmy Butler,USA,0
1979-05-23,Philadelphia,us,butlera01,,Rasual Butler,USA,0
1989-03-06,Milwaukee,us,buyckdw01,,Dwight Buycks,USA,0
1995-09-21,Osasco,br,cabocbr01,,Bruno Caboclo,Brazil,1
1999-03-20,Pontiac,us,cainja01,,Jamal Cain,USA,0
1981-09-28,Villanueva de la Serena,es,caldejo01,,José Calderón,Spain,1
1993-02-18,Thomaston,us,caldwke01,,Kentavious Caldwell-Pope,USA,0
2000-05-08,Brussels,be,camarto01,,Toumani Camara,Belgium,1
1991-03-23,Córdoba,ar,campafa01,,Facundo Campazzo,Argentina,1
1991-05-21,Biloxi,us,canaais01,,Isaiah Canaan,USA,0
1997-04-10,Koper,si,cancavl01,,Vlatko Čančar,Slovenia,1
1994-05-18,Geneva,ch,capelca01,,Clint Capela,Switzerland,1
1986-07-27,Birmingham,us,carrode01,,DeMarre Carroll,USA,0
1995-09-14,Maywood,us,carteje01,,Jevon Carter,USA,0
1991-10-10,Hamilton,us,cartemi01,,Michael Carter-Williams,USA,0
1977-01-26,Daytona Beach,us,cartevi01,,Vince Carter,USA,0
1999-04-16,Atlanta,us,cartewe01,,Wendell Carter Jr.,USA,0
1994-02-28,College Station,us,carusal01,,Alex Caruso,USA,0
1988-06-22,Holon,il,casspom01,,Omri Casspi,Israel,1
1993-08-18,Spearville,us,caulewi01,,Willie Cauley-Stein,USA,0
1986-05-19,Anchorage,us,chalmma01,,Mario Chalmers,USA,0
2001-06-29,Brooklyn,us,champju01,,Justin Champagnie,USA,0
2001-06-29,Brooklyn,us,champju02,,Julian Champagnie,USA,0
2002-09-16,Cordova,us,chandke01,,Kennedy Chandler,USA,0
1982-10-02,Hanford,us,chandty01,,Tyson Chandler,USA,0
1987-05-10,Benton Harbor,us,chandwi01,,Wilson Chandler,USA,0
1995-11-21,Memphis,us,chiozch01,,Chris Chiozza,USA,0
2001-12-08,Carson,us,chrisjo01,,Josh Christopher,USA,0
1997-07-02,Sacramento,us,chrisma01,,Marquese Chriss,USA,0
2003-02-10,Arlington Heights,us,chrisma02,,Max Christie,USA,0
1991-12-01,Irvington,us,chrisra01,,Rakeem Christmas,USA,0
1992-11-01,Cincinnati,us,chrisse01,,Semaj Christon,USA,0
1996-09-19,Vancouver,ca,clarkbr01,,Brandon Clarke,Canada,1
1994-11-16,Smithfield,us,clarkga01,,Gary Clark,USA,0
1991-03-07,Memphis,us,clarkia01,,Ian Clark,USA,0
1992-06-07,Tampa,us,clarkjo01,,Jordan Clarkson,USA,0
1997-07-23,Raleigh,us,clemoch01,,Chris Clemons,USA,0
2004-07-14,Spartanburg,us,clownno01,,Noah Clowney,USA,0
1997-06-17,Hopkins,us,coffeam01,,Amir Coffey,USA,0
1988-10-13,Dayton,us,coleno01,,Norris Cole,USA,0
1987-08-23,Rancho Cucamonga,us,collida01,,Darren Collison,USA,0
1997-09-23,Layton,us,collijo01,,John Collins,USA,0
1991-10-03,Provo,us,colliky01,,Kyle Collinsworth,USA,0
1980-10-26,Orange City,us,collini01,,Nick Collison,USA,0
1997-11-19,Las Vegas,us,colliza01,,Zach Collins,USA,0
1987-10-11,Fayetteville,us,conlemi01,,Mike Conley,USA,0
1993-01-06,Arlington,us,connapa01,,Pat Connaughton,USA,0
1993-03-23,Washington,us,cookqu01,,Quinn Cook,USA,0
1997-09-23,St. Louis,us,cookty01,,Tyler Cook,USA,0
1984-03-17,Orange,us,copelch01,,Chris Copeland,USA,0
2004-07-26,Saint-Cloud,fr,coulibi01,,Bilal Coulibaly,France,1
2001-08-03,Durham,us,councri01,,Ricky Council IV,USA,0
1990-08-13,Mobile,us,couside01,,DeMarcus Cousins,USA,0
1990-12-14,Bellwood,us,covinro01,,Robert Covington,USA,0
1992-04-09,Los Angeles,us,crabbal01,,Allen Crabbe,USA,0
1990-12-19,Columbia,us,craigto01,,Torrey Craig,USA,0
1980-03-20,Seattle,us,crawfja01,,Jamal Crawford,USA,0
1990-07-06,Villa Rica,us,crowdja01,,Jae Crowder,USA,0
1999-02-20,Dallas,us,culveja01,,Jarrett Culver,USA,0
2001-09-25,Arlington,us,cunnica01,,Cade Cunningham,USA,0
1987-04-22,Clinton,us,cunnida01,,Dante Cunningham,USA,0
1991-05-22,Oakland,us,cunnija01,,Jared Cunningham,USA,0
1990-08-23,Charlotte,us,curryse01,,Seth Curry,USA,0
1988-03-14,Akron,us,curryst01,,Stephen Curry,USA,0
2003-03-17,Bendigo,au,daniedy01,,Dyson Daniels,Australia,1
1991-07-15,Roanoke,us,danietr01,,Troy Daniels,USA,0
1993-03-11,Chicago,us,davisan02,,Anthony Davis,USA,0
1996-12-02,Muskegon,us,davisde01,,Deyonta Davis,USA,0
1989-06-05,Washington,us,davised01,,Ed Davis,USA,0
2002-02-27,La Crosse,us,davisjo06,,Johnny Davis,USA,0
1997-05-16,Southaven,us,daviste02,,Terence Davis,USA,0
1989-08-12,Lancaster,us,dedmode01,,Dewayne Dedmon,USA,0
1994-05-06,Sheboygan,us,dekkesa01,,Sam Dekker,USA,0
1989-03-11,Baltimore,us,delanma01,,Malcolm Delaney,USA,0
1990-09-08,Maryborough,au,dellama01,,Matthew Dellavedova,Australia,1
1985-04-16,Wau,ss,denglu01,,Luol Deng,South Sudan,1
1989-08-07,Compton,us,derozde01,,DeMar DeRozan,USA,0
2002-01-21,Paris,fr,diabamo01,,Moussa Diabaté,France,1
1997-01-21,Conakry,gn,diakima01,,Mamadi Diakite,Guinea,1
1996-09-13,Kayes,ml,diallch01,,Cheick Diallo,Mali,1
1998-07-31,Queens,us,diallha01,,Hamidou Diallo,USA,0
1982-04-16,Cormeilles-en-Parisis,fr,diawbo01,,Boris Diaw,France,1
2003-11-20,Wichita,us,dickgr01,,Gradey Dick,USA,0
1990-01-18,Kebemer,sn,dienggo01,,Gorgui Dieng,Senegal,1
2003-05-21,Villeneuve-sur-Lot,fr,diengou01,,Ousmane Dieng,France,1
1993-04-06,Los Angeles,us,dinwisp01,,Spencer Dinwiddie,USA,0
1997-01-31,Newark,us,divindo01,,Donte DiVincenzo,USA,0
1999-02-28,Ljubljana,si,doncilu01,,Luka Dončić,Slovenia,1
1996-02-18,Pasadena,us,dorsety01,,Tyler Dorsey,USA,0
1999-04-19,Montreal,ca,dortlu01,,Luguentz Dort,Canada,1
2000-01-17,Chicago,us,dosunay01,,Ayo Dosunmu,USA,0
1994-05-06,Houston,us,dotsoda01,,Damyean Dotson,USA,0
1986-03-16,Jonesboro,us,douglto01,,Toney Douglas,USA,0
2000-12-23,Conakry,gn,doumbse01,,Sekou Doumbouya,Guinea,1
1997-05-10,Upper Marlboro,us,dowtije01,,Jeff Dowtin Jr.,USA,0
1996-10-25,Columbia,us,doziepj01,,PJ Dozier,USA,0
1986-05-06,Ljubljana,si,dragigo01,,Goran Dragić,Slovenia,1
1993-08-10,Mount Vernon,us,drumman01,,Andre Drummond,USA,0
1997-06-13,Puerto Plata,do,duartch01,,Chris Duarte,Dominican Republic,1
1985-07-10,San Diego,us,dudleja01,,Jared Dudley,USA,0
1999-10-13,Providence,us,dukeda01,,David Duke Jr.,USA,0
1976-04-25,St. Croix,vi,duncati01,,Tim Duncan,US Virgin Islands,1
1980-09-15,Fort Worth,us,dunlemi02,,Mike Dunleavy,USA,0
1994-03-18,New London,us,dunnkr01,,Kris Dunn,USA,0
1988-09-29,Washington,us,duranke01,,Kevin Durant,USA,0
2003-11-18,Sharon Hill,us,durenja01,,Jalen Duren,USA,0
2001-05-10,Portsmouth,us,easonta01,,Tari Eason,USA,0
1991-10-30,Tampa,us,eddieja01,,Jarell Eddie,USA,0
2001-08-05,Atlanta,us,edwaran01,,Anthony Edwards,USA,0
1998-03-12,Houston,us,edwarca01,,Carsen Edwards,USA,0
2000-08-09,Glendale,us,edwarke02,,Kessler Edwards,USA,0
2000-06-16,Federal Way,us,ellebcj01,,CJ Elleby,USA,0
1997-01-13,Rice Lake,us,ellenhe01,,Henry Ellenson,USA,0
1987-11-29,Wynnewood,us,ellinwa01,,Wayne Ellington,USA,0
2000-01-08,Eustis,us,elliske01,,Keon Ellis,USA,0
1985-10-26,Jackson,us,ellismo01,,Monta Ellis,USA,0
1994-03-16,Yaounde,cm,embiijo01,,Joel Embiid,Cameroon,1
1990-07-01,Ventura,us,ennisja01,,James Ennis III,USA,0
1994-08-24,Brampton,ca,ennisty01,,Tyler Ennis,Canada,1
1997-02-01,Starkville,us,eubandr01,,Drew Eubanks,USA,0
1996-07-26,Greenville,us,evansja01,,Jawun Evans,USA,0
1997-06-18,Jacksonville,us,evansja02,,Jacob Evans,USA,0
1987-10-24,Crossett,us,evansje01,,Jeremy Evans,USA,0
1989-09-19,Chester,us,evansty01,,Tyreke Evans,USA,0
1995-07-13,Melbourne,au,exumda01,,Danté Exum,Australia,1
1989-10-21,Benin City,ng,ezelife01,,Festus Ezeli,Nigeria,1
1989-11-19,Newark,us,farieke01,,Kenneth Faried,USA,0
1991-07-15,Atlanta,us,favorde01,,Derrick Favors,USA,0
1995-03-29,Detroit,us,feldeka01,,Kay Felder,USA,0
1992-07-07,Pouso Alegre,br,feliccr01,,Cristiano Felício,Brazil,1
1984-06-26,Marion,us,feltora01,,Raymond Felton,USA,0
1998-05-17,Tulsa,us,fergute01,,Terrance Ferguson,USA,0
1998-08-15,Luanda,ao,fernabr01,,Bruno Fernando,Angola,1
1993-05-09,Indianapolis,us,ferreyo01,,Yogi Ferrell,USA,0
1993-05-04,Portsmouth,us,finnedo01,,Dorian Finney-Smith,USA,0
1998-05-10,Tacoma,us,flynnma01,,Malachi Flynn,USA,0
1995-12-09,Pescara,it,fontesi01,,Simone Fontecchio,Italy,1
1993-07-23,Lansing,us,forbebr01,,Bryn Forbes,USA,0
1998-06-12,Dothan,us,forretr01,,Trent Forrest,USA,0
1992-10-29,Saint-Maurice,fr,fournev01,,Evan Fournier,France,1
1997-12-20,New Orleans,us,foxde01,,De'Aaron Fox,USA,0
1983-09-24,Newark,us,foyera01,,Randy Foye,USA,0
1990-11-01,Houston,us,fraziti01,,Tim Frazier,USA,0
1999-10-20,Chicago,us,freemja01,,Javon Freeman-Liberty,USA,0
1983-05-17,White Plains,us,fryech01,,Channing Frye,USA,0
1998-05-29,Upper Marlboro,us,fultzma01,,Markelle Fultz,USA,0
1997-03-26,Khartoum,sd,gabriwe01,,Wenyen Gabriel,Sudan,1
1998-10-01,El Dorado,us,gaffoda01,,Daniel Gafford,USA,0
1988-08-08,Sant'Angelo Lodigiano,it,gallida01,,Danilo Gallinari,Italy,1
1991-12-09,Baton Rouge,us,gallola01,,Langston Galloway,USA,0
2000-01-26,Gary,us,garlada01,,Darius Garland,USA,0
1976-05-19,Greenville,us,garneke01,,Kevin Garnett,USA,0
2002-03-09,Azuqueca de Henares,es,garubus01,,Usman Garuba,Spain,1
1998-12-27,Washington,us,garzalu01,,Luka Garza,USA,0
1985-01-29,Barcelona,es,gasolma01,,Marc Gasol,Spain,1
1980-07-06,Barcelona,es,gasolpa01,,Pau Gasol,Spain,1
1986-08-17,Brooklyn,us,gayru01,,Rudy Gay,USA,0
1987-05-29,Riviera Beach,us,geeal01,,Alonzo Gee,USA,0
2003-11-08,Lewisville,us,georgke01,,Keyonte George,USA,0
1994-03-28,Miami,us,georgma01,,Marcus Georges-Hunt,USA,0
1990-05-02,Palmdale,us,georgpa01,,Paul George,USA,0
1985-06-24,Brooklyn,us,gibsota01,,Taj Gibson,USA,0
2002-10-10,Melbourne,au,giddejo01,,Josh Giddey,Australia,1
1998-04-22,Winston-Salem,us,gilesha01,,Harry Giles,USA,0
1998-07-12,Toronto,ca,gilgesh01,,Shai Gilgeous-Alexander,Canada,1
1992-10-17,High Point,us,gillan01,,Anthony Gill,USA,0
1999-06-25,Huntingdon Valley,us,gilleco01,,Collin Gillespie,USA,0
1997-06-14,St. Paul,us,gillefr01,,Freddie Gillespie,USA,0
1998-07-14,Kansas City,us,gilyaja01,,Jacob Gilyard,USA,0
1977-07-28,Bahia Blanca,ar,ginobma01,,Manu Ginóbili,Argentina,1
1992-06-26,Saint-Quentin,fr,goberru01,,Rudy Gobert,France,1
1981-09-24,Oakland,us,goodedr01,,Drew Gooden,USA,0
1994-08-17,Little Rock,us,goodwar01,,Archie Goodwin,USA,0
1995-10-02,Norcross,us,goodwbr01,,Brandon Goodwin,USA,0
1998-10-23,Centreville,us,goodwjo01,,Jordan Goodwin,USA,0
1995-09-16,San Jose,us,gordoaa01,,Aaron Gordon,USA,0
1988-12-25,Indianapolis,us,gordoer01,,Eric Gordon,USA,0
1984-02-17,Lodz,pl,gortama01,,Marcin Gortat,Poland,1
1995-02-22,Raleigh,us,grahade01,,Devonte' Graham,USA,0
1993-10-28,Temple Hills,us,grahatr01,,Treveon Graham,USA,0
1994-03-12,Portland,us,grantje01,,Jerami Grant,USA,0
1992-10-09,Silver Spring,us,grantje02,,Jerian Grant,USA,0
1999-09-27,Cedar Falls,us,greenaj01,,A.J. Green,USA,0
1987-06-22,North Babylon,us,greenda02,,Danny Green,USA,0
1990-03-04,Saginaw,us,greendr01,,Draymond Green,USA,0
1986-01-26,Houston,us,greenge01,,Gerald Green,USA,0
1990-06-21,Montgomery,us,greenja01,,JaMychal Green,USA,0
1993-07-23,Petersburg,us,greenja02,,Javonte Green,USA,0
2002-02-09,Merced,us,greenja05,,Jalen Green,USA,0
1986-08-28,Cheverly,us,greenje02,,Jeff Green,USA,0
2000-11-16,Sydney,au,greenjo02,,Josh Green,Australia,1
2003-08-25,Dallas,us,griffaj01,,AJ Griffin,USA,0
1989-03-16,Oklahoma City,us,griffbl01,,Blake Griffin,USA,0
2000-05-08,Houston,us,grimequ01,,Quentin Grimes,USA,0
1995-03-08,Priboj,rs,gudurma01,,Marko Gudurić,Serbia,1
1997-08-11,Indianapolis,us,guyky01,,Kyle Guy,USA,0
1998-02-08,Toyama,jp,hachiru01,,Rui Hachimura,Japan,1
1992-12-24,Greensboro,us,hairspj02,,P.J. Hairston,USA,0
2000-02-29,Oshkosh,us,halibty01,,Tyrese Haliburton,USA,0
2000-10-08,Greenville,us,halljo01,,Josh Hall,USA,0
1990-04-01,Newport Beach,us,hamilju01,,Justin Hamilton,USA,0
1992-08-27,Gary,us,hammoaj01,,A.J. Hammons,USA,0
2001-02-07,Dallas,us,hamptrj01,,R.J. Hampton,USA,0
1985-11-03,Poplar Bluff,us,hansbty01,,Tyler Hansbrough,USA,0
1992-03-16,Orinda,us,hardati02,,Tim Hardaway Jr.,USA,0
1989-08-26,Los Angeles,us,hardeja01,,James Harden,USA,0
2002-07-05,Detroit,us,hardyja02,,Jaden Hardy,USA,0
1994-01-26,Tarboro,us,harremo01,,Montrezl Harrell,USA,0
1994-10-28,San Antonio,us,harrian01,,Andrew Harrison,USA,0
1983-02-27,Milwaukee,us,harride01,,Devin Harris,USA,0
1994-09-14,Fishers,us,harriga01,,Gary Harris,USA,0
1991-09-06,Chelan,us,harrijo01,,Joe Harris,USA,0
1997-06-24,Ellenwood,us,harrike01,,Kevon Harris,USA,0
1993-10-06,Kansas City,us,harrish01,,Shaquille Harrison,USA,0
1992-07-15,Islip,us,harrito02,,Tobias Harris,USA,0
1998-05-05,Eugene,us,harteis01,,Isaiah Hartenstein,USA,0
1995-03-06,Silver Spring,us,hartjo01,,Josh Hart,USA,0
1980-06-09,Miami,us,hasleud01,,Udonis Haslem,USA,0
1997-12-08,Green Bay,us,hausesa01,,Sam Hauser,USA,0
1988-04-28,Seattle,us,hawessp01,,Spencer Hawes,USA,0
2002-04-29,Gaithersburg,us,hawkijo01,,Jordan Hawkins,USA,0
2000-05-23,Norman,us,hayesja02,,Jaxson Hayes,USA,0
2001-07-27,Lakeland,us,hayeski01,,Killian Hayes,USA,0
1990-03-23,Indianapolis,us,haywago01,,Gordon Hayward,USA,0
1987-12-09,Caldwell,us,hendege02,,Gerald Henderson,USA,0
2004-02-03,Marietta,us,hendesc01,,Scoot Henderson,USA,0
2003-11-22,Fort Lauderdale,us,hendrta01,,Taylor Hendricks,USA,0
1990-12-28,Greensboro,us,hensojo01,,John Henson,USA,0
1994-05-27,Madrid,es,hernawi01,,Willy Hernangómez,Spain,1
2000-01-20,Milwaukee,us,herroty01,,Tyler Herro,USA,0
1995-02-25,Dubrovnik,hr,hezonma01,,Mario Hezonja,Croatia,1
1986-12-11,Queens,us,hibbero01,,Roy Hibbert,USA,0
1988-09-04,Atlanta,us,hicksjj01,,J.J. Hickson,USA,0
1992-12-17,Freeport,bs,hieldbu01,,Buddy Hield,Bahamas,1
1996-12-09,Baltimore,us,highsha01,,Haywood Highsmith,USA,0
1982-09-13,Sao Carlos,br,hilarne01,,Nenê,Brazil,1
1986-05-04,Indianapolis,us,hillge01,,George Hill,USA,0
1993-04-13,Bethlehem,us,hillida01,,Darrun Hilliard,USA,0
1987-07-27,Atlanta,us,hilljo01,,Jordan Hill,USA,0
1991-03-18,Los Angeles,us,hillso01,,Solomon Hill,USA,0
1981-01-02,Sioux City,us,hinriki01,,Kirk Hinrich,USA,0
1996-09-30,Ruston,us,holidaa01,,Aaron Holiday,USA,0
1990-06-12,Chatsworth,us,holidjr01,,Jrue Holiday,USA,0
1989-04-05,Mission Hills,us,holidju01,,Justin Holiday,USA,0
1995-01-03,Chester,us,holliro01,,Rondae Hollis-Jefferson,USA,0
1984-10-10,Pasadena,us,holliry01,,Ryan Hollins,USA,0
1993-10-15,Lockport,us,holmeri01,,Richaun Holmes,USA,0
2002-05-01,Minneapolis,us,holmgch01,,Chet Holmgren,USA,0
1992-10-20,Meridian,us,hoodro01,,Rodney Hood,USA,0
2003-06-19,Pittsburgh,us,hoodsja01,,Jalen Hood-Schifino,USA,0
1986-06-03,Puerto Plata,do,horfoal01,,Al Horford,Dominican Republic,1
2000-11-25,Chicago,us,hortota01,,Talen Horton-Tucker,USA,0
1993-06-07,Houston,us,houseda01,,Danuel House Jr.,USA,0
2003-01-09,Mississauga,ca,houstca01,,Caleb Houstan,Canada,1
1985-12-08,Atlanta,us,howardw01,,Dwight Howard,USA,0
1999-03-03,Morristown,us,howarma02,,Markus Howard,USA,0
1998-08-27,Albany,us,huertke01,,Kevin Huerter,USA,0
1983-05-25,Sao Paulo,br,huertma01,,Marcelo Huertas,Brazil,1
1991-12-19,Webster,us,huestjo01,,Josh Huestis,USA,0
1998-03-10,Poughkeepsie,us,hugheel01,,Elijah Hughes,USA,0
1985-02-06,Minneapolis,us,humphkr01,,Kris Humphries,USA,0
1997-12-02,Philadelphia,us,huntede01,,De'Andre Hunter,USA,0
1993-10-24,Oxford,us,hunterj01,,R.J. Hunter,USA,0
1996-04-26,Mission Viejo,us,hutchch01,,Chandler Hutchison,USA,0
2000-09-14,Wilmington,us,hylanbo01,,Bones Hyland,USA,0
1989-09-18,Brazzaville,cg,ibakase01,,Serge Ibaka,Republic of the Congo,1
1984-01-28,Springfield,us,iguodan01,,Andre Iguodala,USA,0
1987-05-15,Eskisehir,tr,ilyaser01,,Ersan İlyasova,Turkey,1
1987-10-02,Adelaide,au,inglejo01,,Joe Ingles,Australia,1
1995-05-20,Cayenne,gf,inglida01,,Damien Inglis,French Guiana,1
1997-09-02,Kinston,us,ingrabr01,,Brandon Ingram,USA,0
1992-03-23,Melbourne,au,irvinky01,,Kyrie Irving,Australia,1
1997-10-03,The Bronx,us,isaacjo01,,Jonathan Isaac,USA,0
2002-02-13,South Bend,us,iveyja01,,Jaden Ivey,USA,0
1983-10-28,Fort Washington,us,jackja01,,Jarrett Jack,USA,0
2001-11-13,Amsterdam,us,jacksan01,,Andre Jackson Jr.,USA,0
1998-05-04,Washington,us,jacksfr01,,Frank Jackson,USA,0
2004-12-17,Columbia,us,jacksgg01,,GG Jackson II,USA,0
2002-01-10,Pontiac,us,jacksis01,,Isaiah Jackson,USA,0
1999-09-15,Plainfield,us,jacksja02,,Jaren Jackson Jr.,USA,0
1997-02-10,San Diego,us,jacksjo02,,Josh Jackson,USA,0
1995-03-28,Houston,us,jacksju01,,Justin Jackson,USA,0
1990-04-16,Pordenone,it,jacksre01,,Reggie Jackson,Italy,1
2000-02-22,Greenwood,us,jackstr02,,Trayce Jackson-Davis,USA,0
1997-01-24,Port St. Lucie,us,jamesju01,,Justin James,USA,0
1984-12-30,Akron,us,jamesle01,,LeBron James,USA,0
1990-08-18,Portland,us,jamesmi02,,Mike James,USA,0
2001-02-18,Irvine,us,jaqueja01,,Jaime Jaquez Jr.,USA,0
1985-01-04,Monticello,us,jeffeal01,,Al Jefferson,USA,0
1980-06-21,Los Angeles,us,jefferi01,,Richard Jefferson,USA,0
1997-08-30,Edmond,us,jeffrda01,,DaQuan Jeffries,USA,0
1999-11-28,Birmingham,us,jemistr01,,Trey Jemison,USA,0
1991-03-06,Nashville,us,jenkijo01,,John Jenkins,USA,0
1989-09-23,Compton,us,jennibr01,,Brandon Jennings,USA,0
1987-03-02,Kinna,se,jerebjo01,,Jonas Jerebko,Sweden,1
1997-07-08,New York,us,jeromty01,,Ty Jerome,USA,0
1999-07-02,Fort Smith,us,joeis01,,Isaiah Joe,USA,0
1996-04-22,Williamsport,us,johnsal02,,Alize Johnson,USA,0
1987-05-01,Los Angeles,us,johnsam01,,Amir Johnson,USA,0
1996-03-03,Moon Township,us,johnsca02,,Cameron Johnson,USA,0
1995-09-22,Brooklyn,us,johnsda04,,Dakari Johnson,USA,0
1987-02-20,Cheyenne,us,johnsja01,,James Johnson,USA,0
2001-12-18,Wausau,us,johnsja05,,Jalen Johnson,USA,0
1981-06-29,Little Rock,us,johnsjo02,,Joe Johnson,USA,0
1999-10-11,Chesterfield,us,johnske04,,Keldon Johnson,USA,0
2002-03-10,Shelbyville,us,johnske07,,Keon Johnson,USA,0
1996-05-29,Los Angeles,us,johnsst04,,Stanley Johnson,USA,0
1992-05-07,Grand Forks,us,johnsty01,,Tyler Johnson,USA,0
1987-07-11,Corsicana,us,johnswe01,,Wesley Johnson,USA,0
1995-02-19,Sombor,rs,jokicni01,,Nikola Jokić,Serbia,1
2002-05-28,Birmingham,us,jonesco02,,Colby Jones,USA,0
1995-06-30,Baton Rouge,us,jonesda03,,Damian Jones,USA,0
1997-02-15,Chester,us,jonesde02,,Derrick Jones Jr.,USA,0
1980-10-04,Miami,us,jonesja02,,James Jones,USA,0
2001-01-19,Nassau,bs,joneska01,,Kai Jones,Bahamas,1
1998-07-21,Dallas,us,jonesma05,,Mason Jones,USA,0
1992-01-09,Portland,us,joneste01,,Terrence Jones,USA,0
2000-01-08,Apple Valley,us,jonestr01,,Tre Jones,USA,0
1996-05-10,Burnsville,us,jonesty01,,Tyus Jones,USA,0
1988-07-21,Houston,us,jordade01,,DeAndre Jordan,USA,0
1991-08-20,Toronto,ca,josepco01,,Cory Joseph,Canada,1
2003-06-09,Leicester,gb,jovicni01,,Nikola Jović,United Kingdom,1
2001-03-17,Los Angeles,us,juzanjo01,,Johnny Juzang,USA,0
1997-08-14,Toronto,ca,kabenmf01,,Mfiondu Kabengele,Canada,1
1993-04-04,Lisle,us,kaminfr01,,Frank Kaminsky,USA,0
1993-10-26,St. Petersburg,ru,karasse01,,Sergey Karasev,Russia,1
1991-04-09,Carmel,us,kellyry01,,Ryan Kelly,USA,0
1996-06-24,Middletown,us,kennalu01,,Luke Kennard,USA,0
2001-07-26,Atlanta,us,kesslwa01,,Walker Kessler,USA,0
1993-09-26,Philadelphia,us,kiddgmi01,,Michael Kidd-Gilchrist,USA,0
1990-01-06,Yonkers,us,kilpase01,,Sean Kilpatrick,USA,0
1999-03-03,Edmonds,us,kispeco01,,Corey Kispert,USA,0
1992-01-29,Wurzburg,de,klebima01,,Maxi Kleber,Germany,1
1991-12-02,Miami,us,knighbr03,,Brandon Knight,USA,0
1997-09-20,Syracuse,us,knighna01,,Nathan Knight,USA,0
1999-08-11,Phoenix,us,knoxke01,,Kevin Knox,USA,0
2000-06-20,Douala,cm,kolokch01,,Christian Koloko,Cameroon,1
1996-03-22,Chicago,us,konchjo01,,John Konchar,USA,0
1997-07-24,Istanbul,tr,korkmfu01,,Furkan Korkmaz,Turkey,1
1995-07-15,Lantana,us,kornelu01,,Luke Kornet,USA,0
1981-03-17,Lakewood,us,korveky01,,Kyle Korver,USA,0
1989-02-24,Canton,us,koufoko01,,Kosta Koufos,USA,0
2000-06-19,Strakonice,cz,krejcvi01,,Vít Krejčí,Czech Republic,1
2002-10-06,Goma,cd,kuminjo01,,Jonathan Kuminga,Democratic Republic of the Congo,1
1998-02-05,Cesis,lv,kurucro01,,Rodions Kurucs,Latvia,1
1995-07-24,Flint,us,kuzmaky01,,Kyle Kuzma,USA,0
1989-10-19,Vilnius,lt,kuzmimi01,,Mindaugas Kuzminskas,Lithuania,1
1996-03-18,Port-au-Prince,ht,labissk01,,Skal Labissière,Haiti,1
1998-01-20,Rochester,us,lamban01,,Anthony Lamb,USA,0
1992-05-30,Henrico,us,lambje01,,Jeremy Lamb,USA,0
1995-10-25,E Malvern,au,landajo01,,Jock Landale,Australia,1
1983-09-19,Milwaukee,us,landrca01,,Carl Landry,USA,0
1999-10-25,New Albany,us,langfro01,,Romeo Langford,USA,0
2001-11-03,Pasadena,us,laravja01,,Jake LaRavia,USA,0
1992-10-02,Cincinnati,us,larkish01,,Shane Larkin,USA,0
1991-09-30,Mulhouse,fr,lauvejo01,,Joffrey Lauvergne,France,1
1995-03-10,Renton,us,lavinza01,,Zach LaVine,USA,0
2000-07-15,Toronto,ca,lawsoaj01,,A.J. Lawson,Canada,1
1987-11-03,Clinton,us,lawsoty01,,Ty Lawson,USA,0
1994-03-07,Norwood,us,laymaja01,,Jake Layman,USA,0
1997-04-30,Tel Aviv,il,leaftj01,,T.J. Leaf,Israel,1
1985-10-03,Indianapolis,us,leeco01,,Courtney Lee,USA,0
1983-04-29,St. Louis,us,leeda02,,David Lee,USA,0
1992-10-21,Baltimore,us,leeda03,,Damion Lee,USA,0
1999-06-23,St. Louis,us,leesa01,,Saben Lee,USA,0
1993-06-16,Antratsit,ua,lenal01,,Alex Len,Ukraine,1
1991-06-29,Los Angeles,us,leonaka01,,Kawhi Leonard,USA,0
1992-02-27,Robinson,us,leoname01,,Meyers Leonard,USA,0
1989-05-14,Long Lake,us,leuerjo01,,Jon Leuer,USA,0
1994-08-25,Columbus,us,leverca01,,Caris LeVert,USA,0
2001-04-06,Meridianville,us,lewiski01,,Kira Lewis Jr.,USA,0
1988-03-31,Chicago,us,liggide01,,DeAndre Liggins,USA,0
1990-07-15,Oakland,us,lillada01,,Damian Lillard,USA,0
1988-08-23,Torrance,us,linje01,,Jeremy Lin,USA,0
2000-02-11,Pensacola,us,littlna01,,Nassir Little,USA,0
2004-02-12,Philadelphia,us,livelde01,,Dereck Lively II,USA,0
1998-07-28,Kalamazoo,us,liveris01,,Isaiah Livers,USA,0
1985-09-11,Peoria,us,livinsh01,,Shaun Livingston,USA,0
2002-08-14,Port Arthur,us,loftoke01,,Kenneth Lofton Jr.,USA,0
1996-02-06,Milwaukee,us,looneke01,,Kevon Looney,USA,0
1988-04-01,North Hollywood,us,lopezbr01,,Brook Lopez,USA,0
1988-04-01,North Hollywood,us,lopezro01,,Robin Lopez,USA,0
1988-09-07,Santa Monica,us,loveke01,,Kevin Love,USA,0
1986-03-25,Philadelphia,us,lowryky01,,Kyle Lowry,USA,0
1995-11-05,Saskatoon,ca,lylestr01,,Trey Lyles,Canada,1
1990-04-22,Lexington,us,macksh01,,Shelvin Mack,USA,0
1986-11-05,Rouen,fr,mahinia01,,Ian Mahinmi,France,1
1997-02-25,Wau,ss,makerth01,,Thon Maker,South Sudan,1
2001-06-12,Rouen,fr,maledth01,,Théo Maledon,France,1
1999-05-23,New York,us,mamuksa01,,Sandro Mamukelashvili,USA,0
2001-03-14,Siena,it,mannini01,,Nico Mannion,Italy,1
1996-10-18,Brooklyn,us,mannte01,,Terance Mann,USA,0
2001-02-03,Gainesville,us,manntr01,,Tre Mann,USA,0
1992-09-21,Southfield,us,marblde01,,Devyn Marble,USA,0
1988-08-15,Zajecar,rs,marjabo01,,Boban Marjanović,Serbia,1
1997-05-22,Vantaa,fi,markkla01,,Lauri Markkanen,Finland,1
1991-08-19,Dumfries,us,marshke01,,Kendall Marshall,USA,0
1998-01-24,Atlantic City,us,marshna01,,Naji Marshall,USA,0
1995-09-28,Winston-Salem,us,martica02,,Caleb Martin,USA,0
1995-09-28,Winston-Salem,us,martico01,,Cody Martin,USA,0
1994-05-24,Baton Rouge,us,martija01,,Jarell Martin,USA,0
1983-02-01,Zanesville,us,martike02,,Kevin Martin,USA,0
1995-08-03,Louisville,us,martike03,,Kelan Martin,USA,0
2001-01-06,Gardena,us,martike04,,KJ Martin,USA,0
1994-04-03,Petersburg,us,masonfr01,,Frank Mason III,USA,0
1996-10-24,Franklin,us,mathega01,,Garrison Mathews,USA,0
2002-06-19,Montreal,ca,mathube01,,Bennedict Mathurin,Canada,1
1986-10-14,San Antonio,us,matthwe02,,Wesley Matthews,USA,0
2000-11-04,Dallas,us,maxeyty01,,Tyrese Maxey,USA,0
1987-11-05,Huntington,us,mayooj01,,O.J. Mayo,USA,0
1997-09-05,Baton Rouge,us,mayssk01,,Skylar Mays,USA,0
1986-09-09,Yaounde,cm,mbahalu01,,Luc Mbah a Moute,Cameroon,1
1993-01-04,Norfolk,us,mcadoja01,,James Michael McAdoo,USA,0
2000-09-08,Cincinnati,us,mcbrimi01,,Miles McBride,USA,0
1991-06-12,Madison,us,mccalra01,,Ray McCallum,USA,0
1995-10-25,St. Louis,us,mccawpa01,,Patrick McCaw,USA,0
1992-12-21,Houston,us,mcclesh01,,Sheldon Mac,USA,0
1991-09-19,Canton,us,mccolcj01,,CJ McCollum,USA,0
1992-03-25,Pittsburgh,us,mccontj01,,T.J. McConnell,USA,0
1995-02-05,Bronx,us,mcculch01,,Chris McCullough,USA,0
1998-01-31,Federal Way,us,mcdanja01,,Jalen McDaniels,USA,0
2000-09-29,Federal Way,us,mcdanja02,,Jaden McDaniels,USA,0
1993-02-09,Mobile,us,mcdankj01,,K.J. McDaniels,USA,0
1992-01-03,Grand Forks,us,mcderdo01,,Doug McDermott,USA,0
1988-01-19,Flint,us,mcgeeja01,,JaVale McGee,USA,0
2002-11-08,Pendleton,us,mcgowbr01,,Bryce McGowens,USA,0
1991-07-29,Landover,us,mcgruro01,,Rodney McGruder,USA,0
1992-09-17,Chicago,us,mckinal01,,Alfonzo McKinnie,USA,0
1996-04-09,Etiwanda,us,mclaujo01,,Jordan McLaughlin,USA,0
1993-02-11,St. Louis,us,mclembe01,,Ben McLemore,USA,0
1991-03-28,Savannah,us,mcraejo01,,Jordan McRae,USA,0
1987-02-28,Indianapolis,us,mcrobjo01,,Josh McRoberts,USA,0
1987-08-21,Nashville,us,meeksjo01,,Jodie Meeks,USA,0
1986-06-15,Jendouba,tn,mejrisa01,,Salah Mejri,Tunisia,1
1991-01-26,Reggio Emilia,it,mellini01,,Nicolò Melli,Italy,1
1998-05-28,North Hollywood,us,meltode01,,De'Anthony Melton,USA,0
1998-04-09,Accra,gh,mensana01,,Nathan Mensah,Ghana,1
1996-05-15,Salt Lake City,us,merrisa01,,Sam Merrill,USA,0
1997-03-22,Los Angeles,us,metuch01,,Chimezie Metu,USA,0
1994-01-13,Kraljevo,rs,micicva01,,Vasilije Micić,Serbia,1
1994-07-09,Dallas,us,mickejo01,,Jordan Mickey,USA,0
1991-08-12,Charleston,us,middlkh01,,Khris Middleton,USA,0
1987-03-18,Dallas,us,milescj01,,C.J. Miles,USA,0
1976-03-19,Los Angeles,us,millean02,,Andre Miller,USA,0
2002-11-22,Antioch,us,millebr02,,Brandon Miller,USA,0
1990-03-21,Maysville,us,milleda01,,Darius Miller,USA,0
1993-03-06,Gaithersburg,us,millema01,,Malcolm Miller,USA,0
1980-02-19,Mitchell,us,millemi01,,Mike Miller,USA,0
1987-08-12,Grambling,us,millsel01,,Elijah Millsap,USA,0
1985-02-10,Monroe,us,millspa01,,Paul Millsap,USA,0
1996-09-26,Owasso,us,miltosh01,,Shake Milton,USA,0
1999-03-26,Harrington Park,us,minayju01,,Justin Minaya,USA,0
1991-02-11,Podgorica,me,mirotni01,,Nikola Mirotić,Montenegro,1
1998-09-05,Hinesville,us,mitchda01,,Davion Mitchell,USA,0
1996-09-07,Elmsford,us,mitchdo01,,Donovan Mitchell,USA,0
2001-06-18,San Diego,us,mobleev01,,Evan Mobley,USA,0
1998-02-04,Jonesboro,us,monkma01,,Malik Monk,USA,0
1990-06-04,New Orleans,us,monrogr01,,Greg Monroe,USA,0
2002-05-31,Little Rock,us,moodymo01,,Moses Moody,USA,0
1989-02-25,East Chicago,us,mooreet01,,E'Twaun Moore,USA,0
2001-09-18,Richmond,us,moorewe01,,Wendell Moore Jr.,USA,0
1999-08-10,Dalzell,us,moranja01,,Ja Morant,USA,0
1991-12-24,Houston,us,moreler01,,Eric Moreland,USA,0
1997-04-17,Waynesville,us,morgaju01,,Juwan Morgan,USA,0
1989-09-02,Philadelphia,us,morrima02,,Markieff Morris,USA,0
1989-09-02,Philadelphia,us,morrima03,,Marcus Morris,USA,0
1995-06-27,Grand Rapids,us,morrimo01,,Monte Morris,USA,0
1985-09-27,Charlotte,us,morroan01,,Anthony Morrow,USA,0
1990-09-20,Kaunas,lt,motiedo01,,Donatas Motiejūnas,Lithuania,1
1986-07-16,St. Petersburg,ru,mozgoti01,,Timofey Mozgov,Russia,1
1996-03-05,Kinshasa,cd,mudiaem01,,Emmanuel Mudiay,Democratic Republic of the Congo,1
1992-11-13,Los Angeles,us,muhamsh01,,Shabazz Muhammad,USA,0
1994-06-12,Etobicoke,ca,muldemy01,,Mychal Mulder,Canada,1
2000-06-18,Durham,us,murphtr02,,Trey Murphy III,USA,0
1996-09-19,Seattle,us,murrade01,,Dejounte Murray,USA,0
1997-02-23,Kitchener,ca,murraja01,,Jamal Murray,Canada,1
2000-08-19,Cedar Rapids,us,murrake02,,Keegan Murray,USA,0
2000-08-19,Cedar Rapids,us,murrakr01,,Kris Murray,USA,0
1999-05-08,Bihac,ba,musadz01,,Džanan Musa,Bosnia and Herzegovina,1
1991-07-01,St. Louis Park,us,muscami01,,Mike Muscala,USA,0
1993-09-25,Alexandria,eg,naderab01,,Abdel Nader,Egypt,1
1993-01-01,Akron,us,nancela02,,Larry Nance Jr.,USA,0
1991-07-14,Roxbury,us,napiesh01,,Shabazz Napier,USA,0
1992-06-18,Sindia,sn,ndourma01,,Maurice Ndour,Senegal,1
1984-10-03,Baltimore,us,nealga01,,Gary Neal,USA,0
1982-02-09,Chester,us,nelsoja01,,Jameer Nelson,USA,0
2000-01-16,Aurora,ca,nembhan01,,Andrew Nembhard,Canada,1
1999-10-16,Charleston,us,nesmiaa01,,Aaron Nesmith,USA,0
1992-05-19,Belo Horizonte,br,netora01,,Raul Neto,Brazil,1
1993-06-17,Lawrence,us,niangge01,,Georges Niang,USA,0
1989-12-08,Mississauga,ca,nichoan01,,Andrew Nicholson,Canada,1
2002-02-13,Anchorage,us,nixda01,,Daishen Nix,USA,0
2001-01-09,Hopkins,us,nnajize01,,Zeke Nnaji,USA,0
1985-02-25,New York,us,noahjo01,,Joakim Noah,USA,0
1994-04-10,Malden,us,noelne01,,Nerlens Noel,USA,0
1992-07-26,Sao Goncalo,br,noguelu01,,Lucas Nogueira,Brazil,1
1999-07-09,Seattle,us,nowelja01,,Jaylen Nowell,USA,0
1978-06-19,Wurzburg,de,nowitdi01,,Dirk Nowitzki,Germany,1
1998-07-28,Ixelles,be,ntilila01,,Frank Ntilikina,Belgium,1
1995-08-03,Chicago,us,nunnke01,,Kendrick Nunn,USA,0
1994-08-23,Tuzla,ba,nurkiju01,,Jusuf Nurkić,Bosnia and Herzegovina,1
1993-01-14,Los Angeles,us,nwabada01,,David Nwaba,USA,0
1998-09-09,Buffalo,us,nworajo01,,Jordan Nwora,USA,0
1993-06-01,Cleveland,us,obryajo01,,Johnny O'Bryant,USA,0
1994-12-05,Overland Park,us,ojelese01,,Semi Ojeleye,USA,0
1982-09-28,Houston,us,okafoem01,,Emeka Okafor,USA,0
1995-12-15,Chicago,us,okafoja01,,Jahlil Okafor,USA,0
1998-08-18,Atlanta,us,okekech01,,Chuma Okeke,USA,0
1997-10-23,Bordeaux,fr,okoboel01,,Elie Okobo,France,1
1998-09-01,Lagos,ng,okogijo01,,Josh Okogie,Nigeria,1
2000-12-11,Los Angeles,us,okongon01,,Onyeka Okongwu,USA,0
2001-01-26,Atlanta,us,okorois01,,Isaac Okoro,USA,0
1999-04-28,Orange County,us,okpalkz01,,KZ Okpala,USA,0
1992-05-04,Silver Spring,us,oladivi01,,Victor Oladipo,USA,0
1991-04-19,Toronto,ca,olynyke01,,Kelly Olynyk,Canada,1
1997-02-14,Benin City,ng,omorueu01,,Eugene Omoruyi,Nigeria,1
1993-06-05,Killeen,us,onealro01,,Royce O'Neale,USA,0
1997-08-04,Los Angeles,us,onimi01,,Miye Oni,USA,0
1990-03-26,Queens,us,oquinky01,,Kyle O'Quinn,USA,0
1995-04-08,Ohrid,mk,osmande01,,Cedi Osman,North Macedonia,1
1999-09-20,Brooklyn,us,oturuda01,,Daniel Oturu,USA,0
1995-12-09,New Orleans,us,oubreke01,,Kelly Oubre Jr.,USA,0
1984-02-10,Tbilisi,ge,pachuza01,,Zaza Pachulia,Georgia,1
1993-01-26,Holland Landing,ca,pangoke01,,Kevin Pangos,Canada,1
1997-07-03,Amarousio,gr,papagge01,,Georgios Papagiannis,Greece,1
1990-07-31,Trikala,gr,papanko01,,Kostas Papanikolaou,Greece,1
1995-03-15,Chicago,us,parkeja01,,Jabari Parker,USA,0
1982-05-17,Bruges,be,parketo01,,Tony Parker,Belgium,1
1988-10-25,Casselberry,us,parsoch01,,Chandler Parsons,USA,0
1996-11-04,North Tarrytown,us,pascher01,,Eric Paschall,USA,0
1995-12-20,Riga,lv,pasecan01,,Anžejs Pasečņiks,Latvia,1
1991-08-12,Lancaster,us,pattela01,,Lamar Patterson,USA,0
1989-03-14,Washington,us,pattepa01,,Patrick Patterson,USA,0
1991-04-30,Gurnee,us,paulbr01,,Brandon Paul,USA,0
1985-05-06,Winston-Salem,us,paulch01,,Chris Paul,USA,0
1991-02-19,Dayton,us,paynead01,,Adreian Payne,USA,0
1994-08-08,Memphis,us,payneca01,,Cameron Payne,USA,0
1994-02-22,Gretna,us,paytoel01,,Elfrid Payton,USA,0
1992-12-01,Seattle,us,paytoga02,,Gary Payton II,USA,0
1993-02-03,St. John's,ag,pelleno01,,Norvel Pelle,Antigua and Barbuda,1
1984-11-10,Nederland,us,perkike01,,Kendrick Perkins,USA,0
2000-03-21,Flowood,us,perryre01,,Reggie Perry,USA,0
2003-11-05,Killeen,us,phillju01,,Julian Phillips,USA,0
1977-10-13,Oakland,us,piercpa01,,Paul Pierce,USA,0
1995-11-05,Greensboro,us,pinsoth01,,Theo Pinson,USA,0
1990-03-05,Fort Wayne,us,plumlma01,,Mason Plumlee,USA,0
1992-07-14,West Lafayette,us,plumlma02,,Marshall Plumlee,USA,0
1988-09-01,Fort Wayne,us,plumlmi01,,Miles Plumlee,USA,0
2003-02-25,Greenfield,us,podzibr01,,Brandin Podziemski,USA,0
1995-10-15,Vienna,at,poeltja01,,Jakob Poeltl,Austria,1
1993-10-17,Clamart,fr,poirivi01,,Vincent Poirier,France,1
2001-12-26,Belgrade,rs,pokusal01,,Aleksej Pokusevski,Serbia,1
1988-03-10,Fresno,us,pondequ01,,Quincy Pondexter,USA,0
1999-06-19,Milwaukee,us,poolejo01,,Jordan Poole,USA,0
2000-02-26,Terre Haute,us,portecr01,,Craig Porter Jr.,USA,0
1999-11-15,Columbia,us,portejo01,,Jontay Porter,USA,0
2000-05-04,Seattle,us,porteke02,,Kevin Porter Jr.,USA,0
1998-06-29,Indianapolis,us,portemi01,,Michael Porter Jr.,USA,0
1993-06-03,St. Louis,us,porteot01,,Otto Porter Jr.,USA,0
1995-02-10,Little Rock,us,portibo01,,Bobby Portis,USA,0
1995-08-02,Liepaja,lv,porzikr01,,Kristaps Porziņģis,Latvia,1
1991-07-20,Toronto,ca,poweldw01,,Dwight Powell,Canada,1
1993-05-25,San Diego,us,powelno01,,Norman Powell,USA,0
1991-02-17,Dallas,us,pressph01,,Phil Pressey,USA,0
1983-06-21,Friendswood,us,pricero01,,Ronnie Price,USA,0
1977-05-17,Rio Tercero,ar,prigipa01,,Pablo Prigioni,Argentina,1
1980-02-28,Compton,us,princta01,,Tayshaun Prince,USA,0
1994-03-22,San Marcos,us,princta02,,Taurean Prince,USA,0
1998-01-28,Tualatin,us,pritcpa01,,Payton Pritchard,USA,0
2002-07-03,Montreal,ca,prospol01,,Olivier-Maxence Prosper,Canada,1
1999-07-13,Lisbon,pt,quetane01,,Neemias Queta,Portugal,1
1999-06-17,Havre de Grace,us,quickim01,,Immanuel Quickley,USA,0
2000-11-16,Brentwood,us,quinole01,,Lester Quiñones,USA,0
1997-02-04,Sacramento,us,rabbiv01,,Ivan Rabb,USA,0
1993-02-05,Rock Island,us,randlch01,,Chasson Randle,USA,0
1994-11-29,Dallas,us,randlju01,,Julius Randle,USA,0
1981-07-16,Marion,us,randoza01,,Zach Randolph,USA,0
1996-06-26,Waat,ss,reathdu01,,Duop Reath,South Sudan,1
1998-05-29,Newark,us,reaveau01,,Austin Reaves,USA,0
1999-09-01,Norristown,us,reddica01,,Cam Reddish,USA,0
1984-06-24,Cookeville,us,redicjj01,,JJ Redick,USA,0
1995-06-11,Princeton,us,reedda01,,Davon Reed,USA,0
1999-06-14,Orlando,us,reedpa01,,Paul Reed,USA,0
1990-05-16,Kansas City,us,reedwi02,,Willie Reed,USA,0
1999-08-26,Asbury Park,us,reidna01,,Naz Reid,USA,0
1993-09-15,Edmond,us,richajo01,,Josh Richardson,USA,0
1996-01-05,Trenton,us,richama01,,Malachi Richardson,USA,0
1997-11-29,Kingston,jm,richani01,,Nick Richards,Jamaica,1
1992-08-01,Santa Monica,us,riverau01,,Austin Rivers,USA,0
1991-12-04,Las Cruces,us,roberan03,,Andre Roberson,USA,0
1985-12-03,Toledo,us,roberbr01,,Brian Roberts,USA,0
1994-04-22,York,us,robindu01,,Duncan Robinson,USA,0
1994-01-08,Gary,us,robingl02,,Glenn Robinson III,USA,0
1997-02-22,Raleigh,us,robinje01,,Jerome Robinson,USA,0
2000-11-03,Kansas City,us,robinje02,,Jeremiah Robinson-Earl,USA,0
1997-10-12,Manassas,us,robinju01,,Justin Robinson,USA,0
1998-04-01,Pensacola,us,robinmi01,,Mitchell Robinson,USA,0
2000-07-10,Las Vegas,us,robinor01,,Orlando Robinson,USA,0
1991-03-17,Washington,us,robinth01,,Thomas Robinson,USA,0
1998-02-03,Dixon,us,robyis01,,Isaiah Roby,USA,0
2001-03-27,Minneapolis,us,roddyda01,,David Roddy,USA,0
1986-06-12,Tenerife,es,rodrise01,,Sergio Rodríguez,Spain,1
1986-02-22,Louisville,us,rondora01,,Rajon Rondo,USA,0
1988-10-04,Chicago,us,rosede01,,Derrick Rose,USA,0
1991-02-05,Portland,us,rosste01,,Terrence Ross,USA,0
1994-03-17,Youngstown,us,roziete01,,Terry Rozier,USA,0
1990-10-21,El Masnou,es,rubiori01,,Ricky Rubio,Spain,1
1986-06-17,Zagreb,hr,rudezda01,,Damjan Rudež,Croatia,1
2004-05-31,Strasbourg,fr,ruperra01,,Rayan Rupert,France,1
1985-07-07,Kansas City,us,rushbr01,,Brandon Rush,USA,0
1996-02-23,Louisville,us,russeda01,,D'Angelo Russell,USA,0
1997-04-17,White Plains,us,ryanma01,,Matt Ryan,USA,0
1996-05-03,Portland,us,sabondo01,,Domantas Sabonis,USA,0
1989-06-06,Baton Rouge,us,sacrero01,,Robert Sacre,USA,0
2000-01-09,Zagreb,hr,samanlu01,,Luka Šamanić,Croatia,1
1993-03-20,Cleveland,us,sampsja02,,JaKarr Sampson,USA,0
2002-06-22,Brasilia,br,santogu01,,Gui Santos,Brazil,1
1994-04-08,Sibenik,hr,saricda01,,Dario Šarić,Croatia,1
1999-02-20,Niort,fr,sarrol01,,Olivier Sarr,France,1
2000-09-21,Dallas,us,sassema01,,Marcus Sasser,USA,0
1991-10-30,Prague,cz,satorto01,,Tomáš Satoranský,Czech Republic,1
1997-03-30,London,gb,schofad01,,Admiral Schofield,United Kingdom,1
1980-04-30,Buenos Aires,ar,scolalu01,,Luis Scola,Argentina,1
1988-07-16,Chesapeake,us,scottmi01,,Mike Scott,USA,0
1984-05-02,Vevey,ch,sefolth01,,Thabo Sefolosha,Switzerland,1
1994-09-30,Roxbury,us,seldewa01,,Wayne Selden,USA,0
2002-07-25,Giresun,tr,sengual01,,Alperen Şengün,Turkey,1
2003-10-30,Orlando,us,sensabr01,,Brice Sensabaugh,USA,0
1989-12-07,Cayenne,gf,serapke01,,Kevin Séraphin,French Guiana,1
1986-04-11,Myrtle Beach,us,sessira01,,Ramon Sessions,USA,0
1999-01-04,Marietta,us,sextoco01,,Collin Sexton,USA,0
1997-03-13,Kansas City,us,shamela01,,Landry Shamet,USA,0
2001-11-06,Greenville,us,sharpda01,,Day'Ron Sharpe,USA,0
2003-05-30,London,ca,sharpsh01,,Shaedon Sharpe,Canada,1
2001-07-16,Atlanta,us,sheppbe01,,Ben Sheppard,USA,0
1990-06-26,Oak Park,us,shumpim01,,Iman Shumpert,USA,0
1994-04-02,Douala,cm,siakapa01,,Pascal Siakam,Cameroon,1
1996-09-19,Libreville,ga,silvach01,,Chris Silva,Gabon,1
1996-07-20,Melbourne,au,simmobe01,,Ben Simmons,Australia,1
1989-09-14,Houston,us,simmojo02,,Jonathon Simmons,USA,0
1999-06-08,Longwood,us,simonan01,,Anfernee Simons,USA,0
1998-10-20,Minneapolis,us,simsje01,,Jericho Sims,USA,0
1988-05-04,Medford,us,singlky01,,Kyle Singler,USA,0
2000-06-10,Vilnius,lt,sirvyde01,,Deividas Sirvydis,Lithuania,1
1988-01-15,Shreveport,us,sloando01,,Donald Sloan,USA,0
1994-03-06,Flower Mound,us,smartma01,,Marcus Smart,USA,0
1997-11-25,Fayetteville,us,smithde03,,Dennis Smith Jr.,USA,0
1986-03-02,Greeley,us,smithja02,,Jason Smith,USA,0
2000-03-16,Portsmouth,us,smithja04,,Jalen Smith,USA,0
2003-05-13,Fayetteville,us,smithja05,,Jabari Smith Jr.,USA,0
1985-12-05,College Park,us,smithjo03,,Josh Smith,USA,0
1985-09-09,Freehold,us,smithjr01,,J.R. Smith,USA,0
2004-04-18,Jacksonville,us,smithni01,,Nick Smith Jr.,USA,0
1991-11-10,Los Angeles,us,snellto01,,Tony Snell,USA,0
2003-05-20,Guymon,us,sochaje01,,Jeremy Sochan,USA,0
1987-08-04,St. Petersburg,us,speigma01,,Marreese Speights,USA,0
1997-07-21,Cleveland,us,spellom01,,Omari Spellman,USA,0
1985-01-01,Joinville,br,splitti01,,Tiago Splitter,Brazil,1
2002-09-25,Charlotte,us,sprinja01,,Jaden Springer,USA,0
1993-10-07,Mississauga,ca,stausni01,,Nik Stauskas,Canada,1
1990-09-05,Brooklyn,us,stephla01,,Lance Stephenson,USA,0
1997-07-09,Philadelphia,us,stevela01,,Lamar Stevens,USA,0
2001-05-22,Rochester,us,stewais01,,Isaiah Stewart,USA,0
1988-12-07,Alexandria,us,stoneju01,,Julyan Stone,USA,0
1982-11-16,Lake Wales,us,stoudam01,,Amar'e Stoudemire,USA,0
2002-04-18,Las Vegas,us,strawju01,,Julian Strawther,USA,0
1996-03-28,Hickory Hills,us,strusma01,,Max Strus,USA,0
1986-04-21,Seattle,us,stuckro01,,Rodney Stuckey,USA,0
2001-06-03,St. Paul,us,suggsja01,,Jalen Suggs,USA,0
1992-03-04,Columbus,us,sullija01,,Jared Sullinger,USA,0
1995-12-31,Detroit,us,sumneed01,,Edmond Sumner,USA,0
1997-04-18,Indianapolis,us,swanica01,,Caleb Swanigan,USA,0
1993-12-30,Chicago,us,sykeske01,,Keifer Sykes,USA,0
1995-10-28,Toledo,us,tateja01,,Jae'Sean Tate,USA,0
1998-03-03,St. Louis,us,tatumja01,,Jayson Tatum,USA,0
1994-07-11,Hayward,us,taylois01,,Isaiah Taylor,USA,0
1999-09-23,Bowling Green,us,taylote01,,Terry Taylor,USA,0
1988-06-10,Indianapolis,us,teaguje01,,Jeff Teague,USA,0
1985-09-18,Mostar,ba,teletmi01,,Mirza Teletović,Bosnia and Herzegovina,1
1986-05-08,Baton Rouge,us,templga01,,Garrett Temple,USA,0
1987-03-19,Valjevo,rs,teodomi01,,Miloš Teodosić,Serbia,1
2002-07-12,Tempe,us,terryda01,,Dalen Terry,USA,0
1977-09-15,Seattle,us,terryja01,,Jason Terry,USA,0
1992-04-04,Salzgitter,de,theisda01,,Daniel Theis,Germany,1
1997-01-28,Bolingbrook,us,thomabr01,,Brodric Thomas,USA,0
2001-10-13,Yokosuka,jp,thomaca02,,Cam Thomas,Japan,1
1989-02-07,Tacoma,us,thomais02,,Isaiah Thomas,USA,0
1996-05-08,Omaha,us,thomakh01,,Khyri Thomas,USA,0
1988-04-24,Brooklyn,us,thomala01,,Lance Thomas,USA,0
1994-08-04,Decatur,us,thomama02,,Matt Thomas,USA,0
2003-01-30,San Leandro,us,thompam01,,Amen Thompson,USA,0
2003-01-30,San Leandro,us,thompau01,,Ausar Thompson,USA,0
1991-04-03,Pasadena,us,thompho01,,Hollis Thompson,USA,0
1986-07-21,Camden,us,thompja02,,Jason Thompson,USA,0
1990-02-08,Los Angeles,us,thompkl01,,Klay Thompson,USA,0
1991-03-13,Toronto,ca,thomptr01,,Tristan Thompson,Canada,1
2002-08-26,Omaha,us,thorjt01,,JT Thor,USA,0
1987-06-05,Baton Rouge,us,thornma01,,Marcus Thornton,USA,0
1994-11-15,Lancaster,us,thornsi01,,Sindarius Thornwell,USA,0
1997-03-04,Scottsdale,us,thybuma01,,Matisse Thybulle,USA,0
1998-03-05,Cagnes-sur-Mer,fr,tilliki02,,Killian Tillie,France,1
1999-01-12,Grand Rapids,us,tillmxa01,,Xavier Tillman Sr.,USA,0
1985-06-01,Springfield,us,tollian01,,Anthony Tolliver,USA,0
1998-03-04,Brooklyn,us,toppiob01,,Obi Toppin,USA,0
1993-04-10,Oakland,us,toscaju01,,Juan Toscano-Anderson,USA,0
1995-11-15,Edison,us,townska01,,Karl-Anthony Towns,USA,0
1999-01-18,Columbus,us,trentga02,,Gary Trent Jr.,USA,0
1996-01-17,Seattle,us,trieral01,,Allonzo Trier,USA,0
1985-05-05,Raleigh,us,tuckepj01,,P.J. Tucker,USA,0
1997-09-24,Charlotte,us,tuckera01,,Rayjon Tucker,USA,0
1988-10-27,Chicago,us,turneev01,,Evan Turner,USA,0
1996-03-24,Bedford,us,turnemy01,,Myles Turner,USA,0
1987-05-20,Edmond,us,udohek01,,Ekpe Udoh,USA,0
1982-07-05,Celje,si,udrihbe01,,Beno Udrih,Slovenia,1
1996-01-05,Southfield,us,ulisty01,,Tyler Ulis,USA,0
1999-04-12,Portland,us,umudest01,,Stanley Umude,USA,0
1992-05-06,Utena,lt,valanjo01,,Jonas Valančiūnas,Lithuania,1
1993-11-16,Lansing,us,valende01,,Denzel Valentine,USA,0
1999-04-03,Houston,us,vandeja01,,Jarred Vanderbilt,USA,0
1994-02-25,Rockford,us,vanvlfr01,,Fred VanVleet,USA,0
1982-09-28,Santa Teresa,br,varejan01,,Anderson Varejão,Brazil,1
1987-01-16,Caracas,ve,vasqugr01,,Greivis Vásquez,Venezuela,1
2000-08-23,Lawrenceville,us,vassede01,,Devin Vassell,USA,0
1996-08-16,Minneapolis,us,vaughra01,,Rashad Vaughn,USA,0
1995-08-06,Lefkosia,cy,vezenal01,,Sasha Vezenkov,Cyprus,1
1984-08-24,Queens,us,villach01,,Charlie Villanueva,USA,0
1996-06-14,Modesto,us,vincega01,,Gabe Vincent,USA,0
1995-08-24,Salem,us,vonleno01,,Noah Vonleh,USA,0
1990-10-24,Morges,ch,vucevni01,,Nikola Vučević,Switzerland,1
1984-03-08,Maribor,si,vujacsa01,,Sasha Vujačić,Slovenia,1
1996-11-20,Wichita,us,wadede01,,Dean Wade,USA,0
1982-01-17,Chicago,us,wadedw01,,Dwyane Wade,USA,0
2001-08-27,Berlin,de,wagnefr01,,Franz Wagner,Germany,1
1997-04-26,Berlin,de,wagnemo01,,Moritz Wagner,Germany,1
1991-12-10,Philadelphia,us,waitedi01,,Dion Waiters,USA,0
2002-07-30,Wichita,us,walkeja01,,Jabari Walker,USA,0
2003-09-04,New Freedom,us,walkeja02,,Jarace Walker,USA,0
1990-05-08,The Bronx,us,walkeke02,,Kemba Walker,USA,0
1998-12-14,Reading,us,walkelo01,,Lonnie Walker IV,USA,0
2003-11-07,Dallas,us,wallaca01,,Cason Wallace,USA,0
1994-06-10,Bakersfield,us,wallaty01,,Tyrone Wallace,USA,0
1990-09-06,Raleigh,us,walljo01,,John Wall,USA,0
1989-07-25,Philadelphia,us,wanambr01,,Brad Wanamaker,USA,0
1993-09-05,Durham,us,warretj01,,T.J. Warren,USA,0
2000-03-24,Frankfurt,de,washidu02,,Duane Washington Jr.,Germany,1
1998-08-23,Louisville,us,washipj01,,P.J. Washington,USA,0
2001-11-15,Phoenix,us,washity02,,TyTy Washington Jr.,USA,0
1994-10-13,Yokohama,jp,watanyu01,,Yuta Watanabe,Japan,1
1997-07-28,Norman,us,waterli01,,Lindy Waters III,USA,0
1998-01-10,New Haven,us,watertr01,,Tremont Waters,USA,0
2000-11-09,Birmingham,us,watfotr01,,Trendon Watford,USA,0
1984-04-17,Las Vegas,us,watsocj01,,C.J. Watson,USA,0
1994-12-30,Phoenix,us,watsopa01,,Paul Watson,USA,0
2002-09-11,Beverly Hills,us,watsope01,,Peyton Watson,USA,0
1996-09-10,Canton,us,weathqu01,,Quinndary Weatherspoon,USA,0
1992-12-29,Chesapeake,us,weberbr01,,Briante Weber,USA,0
1986-07-08,West Memphis,us,weemsso01,,Sonny Weems,USA,0
2004-01-04,Le Chesnay,fr,wembavi01,,Victor Wembanyama,France,1
2003-03-16,South Bend,us,weslebl01,,Blake Wesley,USA,0
1988-11-12,Long Beach,us,westbru01,,Russell Westbrook,USA,0
1980-08-29,Teaneck,us,westda01,,David West,USA,0
2000-02-16,Goldsboro,us,whiteco01,,Coby White,USA,0
1994-07-02,Parker,us,whitede01,,Derrick White,USA,0
1989-06-13,Gastonia,us,whiteha01,,Hassan Whiteside,USA,0
1995-03-08,Brooklyn,us,whiteis01,,Isaiah Whitehead,USA,0
1992-08-13,Clearwater,us,whiteok01,,Okaro White,USA,0
1999-08-23,Muscatine,us,wieskjo01,,Joe Wieskamp,USA,0
1999-01-02,Greensboro,us,wiggiaa01,,Aaron Wiggins,USA,0
1995-02-23,Toronto,ca,wiggian01,,Andrew Wiggins,Canada,1
1990-12-30,Pleasant Grove,us,wilcocj01,,C.J. Wilcox,USA,0
1993-01-28,Phoenix,us,willial03,,Alan Williams,USA,0
1999-11-22,Los Angeles,us,willibr03,,Brandon Williams,USA,0
1984-06-26,Parkersburg,us,willide01,,Deron Williams,USA,0
1991-05-25,Bellflower,us,willide02,,Derrick Williams,USA,0
1998-11-30,Houston,us,willigr01,,Grant Williams,USA,0
2001-04-14,Denver,us,willija06,,Jalen Williams,USA,0
2002-06-29,Fort Smith,us,willija07,,Jaylin Williams,USA,0
1999-02-12,Rochester,us,willije02,,Nate Williams,USA,0
1995-05-22,Memphis,us,willijo04,,Johnathan Williams,USA,0
1994-12-02,Waco,us,willike04,,Kenrich Williams,USA,0
1986-06-19,Bremerton,us,willima02,,Marvin Williams,USA,0
2001-12-16,Norfolk,us,willima07,,Mark Williams,USA,0
2001-08-26,Charlotte,us,willipa01,,Patrick Williams,USA,0
1997-10-17,Shreveport,us,williro04,,Robert Williams,USA,0
1994-12-30,Hampton,us,willitr02,,Troy Williams,USA,0
2000-08-30,Toledo,us,willivi01,,Vince Williams Jr.,USA,0
2000-07-06,Salisbury,us,willizi01,,Zion Williamson,USA,0
2001-09-12,Lancaster,us,willizi02,,Ziaire Williams,USA,0
1996-02-19,Mount Shasta,us,wilsodj01,,D.J. Wilson,USA,0
2000-11-04,Arlington,us,wilsoja03,,Jalen Wilson,USA,0
1996-09-22,Indianapolis,us,windldy01,,Dylan Windler,USA,0
1996-03-26,Houston,us,winslju01,,Justise Winslow,USA,0
2001-03-31,Nashville,us,wisemja01,,James Wiseman,USA,0
1990-03-07,San Diego,us,witheje01,,Jeff Withey,USA,0
1995-09-27,Long Beach,us,woodch01,,Christian Wood,USA,0
1987-10-05,Nashville,us,wrighbr03,,Brandan Wright,USA,0
1992-04-26,Los Angeles,us,wrighde01,,Delon Wright,USA,0
1998-10-25,Robbinsdale,us,wrighmc01,,McKinley Wright IV,USA,0
1995-12-17,Dreux,fr,yabusgu01,,Guerschon Yabusele,France,1
1995-08-16,Flint,us,youngja01,,James Young,USA,0
1985-06-01,Los Angeles,us,youngni01,,Nick Young,USA,0
1988-06-21,New Orleans,us,youngth01,,Thaddeus Young,USA,0
1998-09-19,Lubbock,us,youngtr01,,Trae Young,USA,0
1998-06-19,Tashkent,uz,yurtsom01,,Omer Yurtseven,Uzbekistan,1
1992-10-05,Washington,us,zelleco01,,Cody Zeller,USA,0
1990-01-17,Visalia,us,zellety01,,Tyler Zeller,USA,0
1994-02-18,Heidelberg,de,zipsepa01,,Paul Zipser,Germany,1
1997-01-04,Split,hr,zizican01,,Ante Žižić,Croatia,1
1997-03-18,Mostar,ba,zubaciv01,,Ivica Zubac,Bosnia and Herzegovina,1
