player_id,player_clean,player_name,season,team_abbr,position,age,gp,mp_total,per,ts_pct,fg3a_rate,ft_rate,orb_pct,drb_pct,trb_pct,ast_pct,stl_pct,blk_pct,tov_pct,usg_pct,ows,dws,ws,ws_48,obpm,dbpm,bpm,vorp
bridgmi01,mikal bridges,Mikal Bridges,2023,2TM,SG,26,83,2963,16.8,0.587,0.349,0.279,2.9,10.8,6.8,13.7,1.5,1.8,8.2,22.6,4.4,3.1,7.5,0.121,1.5,0.2,1.7,2.8
edwaran01,anthony edwards,Anthony Edwards,2023,MIN,SG,21,79,2842,17.4,0.564,0.375,0.274,1.9,15.9,9.0,19.3,2.1,1.8,13.0,29.9,0.2,3.6,3.8,0.064,1.0,0.0,1.0,2.1
lavinza01,zach lavine,Zach LaVine,2023,CHI,SG,27,77,2768,19.0,0.607,0.392,0.308,1.7,12.2,7.1,18.7,1.2,0.6,11.0,28.3,4.2,2.9,7.1,0.123,2.7,-0.7,1.9,2.7
vucevni01,nikola vucevic,Nikola Vučević,2023,CHI,C,32,82,2746,19.1,0.594,0.302,0.138,6.7,30.2,18.6,14.6,1.1,2.0,10.2,21.9,3.9,4.4,8.3,0.145,1.9,0.7,2.7,3.2
randlju01,julius randle,Julius Randle,2023,NYK,PF,28,77,2737,20.3,0.581,0.444,0.371,5.6,25.2,15.4,18.5,0.9,0.7,11.5,29.5,5.0,3.1,8.1,0.142,3.9,-0.2,3.7,3.9
sabondo01,domantas sabonis,Domantas Sabonis,2023,SAC,C,26,79,2736,23.5,0.668,0.088,0.467,10.6,30.0,20.3,30.4,1.1,1.2,16.9,21.3,9.6,3.0,12.6,0.221,4.1,1.8,5.8,5.4
tatumja01,jayson tatum,Jayson Tatum,2023,BOS,SF,24,74,2732,23.7,0.607,0.44,0.399,3.2,22.5,13.0,20.9,1.4,1.6,10.4,32.7,6.2,4.3,10.5,0.185,4.8,0.7,5.5,5.1
dinwisp01,spencer dinwiddie,Spencer Dinwiddie,2023,2TM,SG,29,79,2725,16.0,0.573,0.467,0.314,1.2,10.2,5.7,28.1,1.2,0.8,10.8,22.1,4.5,1.8,6.3,0.111,1.6,-0.9,0.7,1.8
mobleev01,evan mobley,Evan Mobley,2023,CLE,PF,21,79,2715,17.9,0.591,0.108,0.321,8.1,22.7,15.4,12.4,1.1,4.0,11.9,20.2,3.7,4.8,8.5,0.151,0.0,1.6,1.7,2.5
murrade01,dejounte murray,Dejounte Murray,2023,ATL,SG,26,74,2693,17.0,0.54,0.293,0.144,2.1,13.8,7.9,24.0,2.0,0.6,10.2,24.4,2.4,2.3,4.7,0.084,1.1,0.0,1.0,2.1
derozde01,demar derozan,DeMar DeRozan,2023,CHI,SF,33,74,2682,20.6,0.592,0.109,0.401,1.5,12.8,7.2,22.3,1.5,1.3,9.1,27.8,5.4,3.2,8.5,0.153,1.7,0.3,2.0,2.6
barnesc01,scottie barnes,Scottie Barnes,2023,TOR,SF,21,77,2678,15.5,0.524,0.22,0.242,7.1,15.2,10.8,20.0,1.5,2.2,12.0,20.3,2.3,2.7,5.0,0.09,0.5,-0.1,0.4,1.6
barneha02,harrison barnes,Harrison Barnes,2023,SAC,PF,30,82,2662,14.1,0.632,0.446,0.522,3.8,11.9,7.9,6.3,1.0,0.3,8.1,17.1,5.1,1.4,6.5,0.118,0.5,-1.5,-1.0,0.7
siakapa01,pascal siakam,Pascal Siakam,2023,TOR,PF,28,71,2652,20.3,0.565,0.219,0.361,5.2,19.6,11.9,24.9,1.2,1.3,10.0,27.2,5.2,2.6,7.8,0.141,3.3,-0.1,3.1,3.4
mccolcj01,cj mccollum,CJ McCollum,2023,NOP,PG,31,75,2649,15.6,0.541,0.404,0.177,2.4,11.7,7.0,25.1,1.3,1.4,11.2,26.4,1.5,2.8,4.3,0.078,1.5,-0.7,0.8,1.9
wagnefr01,franz wagner,Franz Wagner,2023,ORL,SF,21,80,2609,15.9,0.589,0.322,0.288,3.0,11.2,7.1,17.2,1.4,0.6,11.7,23.5,3.1,2.3,5.4,0.099,0.4,-0.5,-0.1,1.3
greenja05,jalen green,Jalen Green,2023,HOU,SG,20,76,2602,14.5,0.538,0.408,0.341,1.8,10.3,6.0,17.3,1.1,0.7,11.3,28.1,1.4,0.5,1.8,0.034,0.5,-2.6,-2.1,0.0
adebaba01,bam adebayo,Bam Adebayo,2023,MIA,C,25,75,2598,20.1,0.592,0.011,0.361,8.0,23.6,15.5,15.9,1.7,2.4,12.7,25.2,3.6,3.8,7.4,0.137,0.8,0.8,1.5,2.3
youngtr01,trae young,Trae Young,2023,ATL,PG,24,73,2541,22.0,0.573,0.331,0.46,2.4,7.0,4.7,42.5,1.5,0.3,15.2,32.6,5.3,1.4,6.7,0.126,5.3,-2.0,3.3,3.4
vanvlfr01,fred vanvleet,Fred VanVleet,2023,TOR,PG,28,69,2535,17.0,0.54,0.545,0.254,1.2,12.0,6.3,28.1,2.4,1.5,10.2,23.2,3.7,2.8,6.5,0.123,2.0,0.5,2.5,2.9
hieldbu01,buddy hield,Buddy Hield,2023,IND,SF,30,80,2482,15.4,0.614,0.652,0.124,3.0,14.9,8.9,13.3,1.8,0.9,11.3,20.8,2.7,1.6,4.4,0.085,2.5,-0.6,1.9,2.4
barrerj01,rj barrett,RJ Barrett,2023,NYK,SG,22,73,2475,12.9,0.531,0.332,0.333,2.7,13.7,8.2,12.4,0.6,0.6,10.8,26.2,0.5,1.8,2.2,0.043,-1.2,-1.9,-3.1,-0.7
poolejo01,jordan poole,Jordan Poole,2023,GSW,PG,23,82,2458,14.6,0.573,0.498,0.325,1.5,8.5,5.0,22.5,1.2,0.8,14.7,29.2,1.4,1.9,3.2,0.063,-0.1,-1.8,-1.9,0.1
hartjo01,josh hart,Josh Hart,2023,2TM,SF,27,76,2454,14.1,0.622,0.315,0.338,6.5,21.0,13.7,16.1,1.8,0.8,16.4,12.6,3.8,2.2,6.0,0.118,-0.2,1.1,0.9,1.8
smithja05,jabari smith,Jabari Smith Jr.,2023,HOU,PF,19,79,2451,11.2,0.514,0.438,0.231,5.4,20.3,12.7,5.9,0.9,3.0,9.6,18.4,0.5,1.4,1.9,0.037,-2.3,-1.3,-3.7,-1.1
murphtr02,trey murphy,Trey Murphy III,2023,NOP,SF,22,79,2448,15.2,0.65,0.621,0.238,2.7,10.3,6.5,6.4,1.8,1.7,6.5,16.6,4.8,2.8,7.6,0.15,1.4,0.4,1.8,2.3
garlada01,darius garland,Darius Garland,2023,CLE,PG,23,69,2447,18.8,0.587,0.365,0.284,1.3,7.6,4.5,34.1,1.7,0.3,13.5,26.9,4.5,3.0,7.6,0.148,3.2,-0.7,2.4,2.7
harrito02,tobias harris,Tobias Harris,2023,PHI,SF,30,74,2436,14.8,0.602,0.383,0.153,3.3,17.0,10.3,11.4,1.4,1.5,9.0,18.2,3.1,2.8,5.9,0.116,0.6,0.1,0.7,1.7
foxde01,deaaron fox,De'Aaron Fox,2023,SAC,PG,25,73,2435,21.8,0.599,0.276,0.331,1.9,12.4,7.2,29.6,1.6,0.8,10.6,30.1,5.5,1.8,7.4,0.146,3.4,-0.9,2.5,2.7
mitchdo01,donovan mitchell,Donovan Mitchell,2023,CLE,SG,26,68,2432,22.9,0.614,0.453,0.262,3.1,10.9,7.0,21.4,2.0,1.0,10.3,32.1,5.4,3.5,8.9,0.176,5.6,0.6,6.3,5.0
banchpa01,paolo banchero,Paolo Banchero,2023,ORL,PF,20,72,2430,14.9,0.529,0.254,0.476,3.9,19.3,11.6,17.2,1.2,1.5,12.8,27.5,-0.3,2.6,2.4,0.047,-0.7,-0.7,-1.5,0.3
mcdanja02,jaden mcdaniels,Jaden McDaniels,2023,MIN,SF,22,79,2416,12.0,0.611,0.376,0.201,4.3,9.8,7.1,8.4,1.5,2.7,12.6,15.8,2.0,2.4,4.4,0.087,-1.7,0.5,-1.2,0.5
gilgesh01,shai gilgeous alexander,Shai Gilgeous-Alexander,2023,OKC,PG,24,68,2416,27.2,0.626,0.122,0.535,2.6,12.2,7.3,25.7,2.2,2.5,10.1,32.8,8.4,3.0,11.4,0.226,5.7,1.5,7.3,5.6
onealro01,royce oneale,Royce O'Neale,2023,BRK,SF,29,76,2409,9.2,0.538,0.707,0.116,2.6,15.0,9.0,15.3,1.3,1.7,15.5,13.6,0.4,2.5,2.9,0.057,-1.7,0.6,-1.1,0.5
brownja02,jaylen brown,Jaylen Brown,2023,BOS,SF,26,67,2405,19.1,0.581,0.352,0.249,3.6,17.0,10.4,16.5,1.5,0.9,11.4,31.4,1.6,3.4,5.0,0.1,1.5,-0.2,1.3,2.0
doncilu01,luka doncic,Luka Dončić,2023,DAL,PG,23,66,2391,28.7,0.609,0.373,0.479,2.6,25.4,13.8,42.3,1.9,1.2,11.9,37.6,7.3,2.9,10.2,0.204,7.6,1.4,8.9,6.6
anunoog01,og anunoby,OG Anunoby,2023,TOR,SF,25,67,2386,14.6,0.586,0.415,0.189,4.2,12.1,7.9,8.0,2.7,2.0,12.1,19.5,1.8,2.9,4.7,0.094,-0.3,0.7,0.4,1.5
murrake02,keegan murray,Keegan Murray,2023,SAC,SF,22,80,2382,12.3,0.597,0.641,0.104,4.3,13.4,8.9,5.5,1.2,1.5,6.8,15.8,2.6,1.7,4.3,0.087,0.4,-1.0,-0.6,0.8
caldwke01,kentavious caldwell pope,Kentavious Caldwell-Pope,2023,DEN,SG,29,76,2381,11.5,0.598,0.505,0.198,1.7,8.1,5.0,9.8,2.3,1.3,11.1,14.1,2.0,2.5,4.5,0.091,-1.6,0.6,-1.0,0.6
washipj01,pj washington,P.J. Washington,2023,CHO,PF,24,73,2380,12.9,0.542,0.438,0.178,3.2,13.0,8.0,11.0,1.3,2.9,9.4,20.6,0.4,2.2,2.6,0.052,-1.0,-0.3,-1.3,0.4
brunsja01,jalen brunson,Jalen Brunson,2023,NYK,PG,26,68,2379,21.2,0.597,0.269,0.328,1.8,9.3,5.6,28.7,1.3,0.6,9.4,27.2,6.9,1.8,8.7,0.175,4.4,-0.5,3.9,3.5
lopezbr01,brook lopez,Brook Lopez,2023,MIL,C,34,78,2373,18.4,0.63,0.405,0.211,7.2,15.3,11.4,6.1,0.7,6.7,9.8,19.3,4.1,3.9,8.0,0.161,0.8,1.3,2.1,2.5
giddejo01,josh giddey,Josh Giddey,2023,OKC,PF,20,76,2367,17.1,0.533,0.209,0.13,6.6,20.9,13.6,29.9,1.1,1.2,15.1,24.6,1.3,2.7,4.0,0.081,1.5,-0.3,1.2,1.9
bullore01,reggie bullock,Reggie Bullock,2023,DAL,SF,31,78,2364,7.7,0.577,0.845,0.079,1.6,12.5,7.0,6.2,1.1,0.5,6.9,10.0,1.3,1.4,2.8,0.056,-2.3,-0.3,-2.6,-0.4
quickim01,immanuel quickley,Immanuel Quickley,2023,NYK,SG,23,81,2344,16.3,0.578,0.485,0.265,2.7,13.1,7.9,17.4,1.7,0.6,8.7,20.9,4.4,2.3,6.7,0.137,1.3,0.4,1.7,2.1
herroty01,tyler herro,Tyler Herro,2023,MIA,SG,23,67,2337,15.3,0.566,0.484,0.164,1.3,17.3,9.0,19.9,1.1,0.7,11.7,25.6,1.1,2.4,3.5,0.072,1.5,-0.8,0.6,1.6
willipa01,patrick williams,Patrick Williams,2023,CHI,PF,21,82,2323,11.2,0.576,0.409,0.155,3.9,12.0,8.0,5.8,1.5,2.9,12.3,15.7,0.5,3.0,3.5,0.072,-1.7,0.4,-1.3,0.4
jokicni01,nikola jokic,Nikola Jokić,2023,DEN,C,27,69,2323,31.5,0.701,0.146,0.406,8.5,31.3,20.2,46.6,1.8,1.8,17.0,27.2,11.2,3.8,14.9,0.308,8.5,4.5,13.0,8.8
whitede01,derrick white,Derrick White,2023,BOS,SG,28,82,2319,15.4,0.604,0.516,0.253,2.5,11.2,6.9,19.4,1.1,2.8,10.1,17.7,4.4,3.1,7.4,0.154,1.1,1.3,2.4,2.6
iveyja01,jaden ivey,Jaden Ivey,2023,DET,SG,20,74,2304,12.1,0.528,0.356,0.362,3.4,10.7,6.9,26.2,1.3,0.7,17.2,25.4,-0.9,0.8,0.0,-0.001,-1.4,-1.9,-3.3,-0.7
russeda01,dangelo russell,D'Angelo Russell,2023,2TM,PG,26,71,2304,16.3,0.605,0.517,0.228,1.7,8.5,5.2,27.4,1.4,1.1,15.1,22.7,3.1,1.9,5.1,0.106,2.1,-0.7,1.5,2.0
greendr01,draymond green,Draymond Green,2023,GSW,PF,32,73,2297,12.2,0.592,0.276,0.228,3.2,21.6,12.6,27.8,1.5,2.3,28.1,13.2,1.6,3.1,4.7,0.098,-1.8,2.6,0.8,1.6
martike04,kj martin,KJ Martin,2023,HOU,SF,22,82,2292,15.4,0.635,0.3,0.308,6.0,15.8,10.8,8.1,0.9,1.3,10.0,16.4,4.2,0.7,4.9,0.103,0.6,-1.3,-0.7,0.7
embiijo01,joel embiid,Joel Embiid,2023,PHI,C,28,66,2284,31.4,0.655,0.151,0.581,5.9,28.3,17.3,22.9,1.4,4.6,11.9,37.0,8.4,3.9,12.3,0.259,6.8,2.3,9.2,6.4
brownbr01,bruce brown,Bruce Brown,2023,DEN,SF,26,80,2280,13.3,0.571,0.343,0.206,3.3,13.0,8.3,15.7,1.9,2.0,13.2,17.8,1.7,2.6,4.3,0.09,-1.1,0.6,-0.5,0.9
thompkl01,klay thompson,Klay Thompson,2023,GSW,SF,32,69,2279,14.7,0.576,0.584,0.105,1.9,11.7,6.9,11.0,1.0,1.1,8.6,26.4,1.2,1.9,3.1,0.066,1.5,-1.7,-0.3,1.0
willija06,jalen williams,Jalen Williams,2023,OKC,SG,21,75,2276,15.6,0.601,0.258,0.241,3.9,12.2,7.9,15.4,2.1,1.4,12.3,18.4,3.0,2.6,5.6,0.119,-0.4,0.7,0.3,1.3
markkla01,lauri markkanen,Lauri Markkanen,2023,UTA,PF,25,66,2273,22.1,0.64,0.446,0.348,6.3,20.7,13.6,8.6,0.9,1.4,8.8,26.6,6.3,1.9,8.2,0.173,4.9,-1.0,3.8,3.3
strusma01,max strus,Max Strus,2023,MIA,SF,26,80,2272,10.8,0.557,0.713,0.113,2.4,11.2,6.7,11.2,0.9,0.5,7.8,17.6,1.5,1.9,3.4,0.071,-0.8,-0.9,-1.7,0.2
dortlu01,luguentz dort,Luguentz Dort,2023,OKC,SF,23,74,2272,11.3,0.513,0.468,0.297,5.9,10.4,8.1,9.2,1.6,0.9,8.5,19.8,0.9,2.1,2.9,0.062,-2.0,-1.0,-3.0,-0.6
claxtni01,nic claxton,Nic Claxton,2023,BRK,C,23,76,2271,20.8,0.691,0.003,0.419,9.3,25.1,17.4,9.3,1.4,7.1,12.1,15.4,5.2,4.0,9.2,0.195,0.9,2.2,3.1,2.9
grantje01,jerami grant,Jerami Grant,2023,POR,PF,28,63,2246,16.0,0.606,0.393,0.375,2.7,11.9,7.2,10.3,1.1,2.1,9.8,22.8,3.1,1.0,4.1,0.087,1.2,-1.4,-0.2,1.0
irvinky01,kyrie irving,Kyrie Irving,2023,2TM,SG,30,60,2241,22.4,0.613,0.412,0.227,3.0,12.3,7.7,25.4,1.4,1.7,8.8,28.9,5.4,2.0,7.4,0.159,4.8,-0.7,4.1,3.5
kuzmaky01,kyle kuzma,Kyle Kuzma,2023,WAS,PF,27,64,2239,14.3,0.544,0.421,0.208,2.8,19.5,11.5,16.5,0.8,1.1,13.2,27.9,-1.0,1.9,0.9,0.019,-0.2,-1.5,-1.7,0.2
leverca01,caris levert,Caris LeVert,2023,CLE,SG,28,74,2237,12.4,0.546,0.437,0.243,2.8,12.1,7.4,18.0,1.6,1.0,12.4,18.7,1.4,3.1,4.4,0.095,-1.0,0.8,-0.2,1.0
mathube01,bennedict mathurin,Bennedict Mathurin,2023,IND,SG,20,78,2222,13.1,0.566,0.326,0.477,4.4,11.5,7.9,7.6,1.0,0.5,11.7,24.6,1.0,0.8,1.8,0.038,-1.2,-2.5,-3.7,-1.0
roziete01,terry rozier,Terry Rozier,2023,CHO,SG,28,63,2221,14.7,0.517,0.425,0.185,2.4,10.2,6.2,22.7,1.6,0.6,9.4,26.9,0.1,1.6,1.7,0.037,0.6,-1.1,-0.6,0.8
allenja01,jarrett allen,Jarrett Allen,2023,CLE,C,24,68,2220,19.9,0.67,0.016,0.353,11.7,23.6,17.7,7.5,1.2,3.5,11.4,16.4,5.5,4.0,9.5,0.205,1.3,1.0,2.4,2.4
brookdi01,dillon brooks,Dillon Brooks,2023,MEM,SF,27,73,2214,9.4,0.494,0.443,0.155,2.2,9.5,5.8,11.7,1.4,0.7,8.9,21.8,-0.8,2.4,1.6,0.034,-3.4,-0.5,-3.9,-1.1
huertke01,kevin huerter,Kevin Huerter,2023,SAC,SG,24,75,2203,15.2,0.617,0.589,0.151,2.2,10.8,6.5,14.1,1.7,1.0,9.5,19.9,3.3,1.7,4.9,0.107,1.4,-0.3,1.0,1.7
holidjr01,jrue holiday,Jrue Holiday,2023,MIL,PG,32,67,2183,19.2,0.586,0.402,0.173,3.9,12.0,8.1,34.4,1.7,0.9,15.2,25.0,3.9,2.8,6.7,0.148,3.0,0.1,3.1,2.8
sengual01,alperen sengun,Alperen Şengün,2023,HOU,C,20,75,2171,19.7,0.599,0.071,0.36,12.1,22.3,17.1,21.0,1.6,3.2,17.3,21.4,3.4,1.8,5.2,0.115,1.1,0.4,1.4,1.9
simonan01,anfernee simons,Anfernee Simons,2023,POR,SG,23,62,2171,14.8,0.581,0.538,0.171,0.9,7.6,4.3,18.6,0.9,0.6,10.2,25.1,2.1,0.3,2.5,0.054,1.3,-2.5,-1.1,0.5
zubaciv01,ivica zubac,Ivica Zubac,2023,LAC,C,25,76,2170,16.7,0.661,0.004,0.463,12.3,26.5,19.5,5.1,0.7,4.0,15.9,14.8,3.8,2.9,6.7,0.149,-1.1,0.2,-0.9,0.6
hayeski01,killian hayes,Killian Hayes,2023,DET,PG,21,76,2154,10.2,0.455,0.351,0.137,1.4,10.2,5.7,32.3,2.3,1.1,16.7,20.5,-1.9,1.4,-0.5,-0.012,-3.3,-0.5,-3.8,-1.0
hardati02,tim hardaway,Tim Hardaway Jr.,2023,DAL,SF,30,71,2152,12.1,0.554,0.649,0.195,1.1,12.6,6.8,9.0,1.1,0.5,6.1,20.6,1.0,1.3,2.3,0.051,-0.3,-1.5,-1.8,0.1
meltode01,deanthony melton,De'Anthony Melton,2023,PHI,SG,24,77,2150,12.7,0.566,0.619,0.134,3.9,13.1,8.6,12.9,2.9,1.8,12.9,16.4,1.1,3.1,4.2,0.095,-0.7,1.6,0.9,1.6
goberru01,rudy gobert,Rudy Gobert,2023,MIN,C,30,70,2148,18.9,0.675,0.005,0.623,12.2,29.8,21.2,5.6,1.2,3.9,14.9,16.3,4.3,3.5,7.8,0.174,0.0,0.7,0.7,1.4
butleji01,jimmy butler,Jimmy Butler,2023,MIA,PF,33,64,2138,27.6,0.647,0.116,0.625,7.5,13.3,10.3,27.1,2.7,1.0,8.2,25.6,9.4,2.9,12.3,0.277,6.7,2.0,8.7,5.8
hardeja01,james harden,James Harden,2023,PHI,PG,33,58,2135,21.6,0.607,0.496,0.429,2.3,17.1,9.8,43.3,1.6,1.4,16.3,25.0,5.8,2.6,8.4,0.188,5.1,0.3,5.4,4.0
murraja01,jamal murray,Jamal Murray,2023,DEN,PG,25,65,2133,18.0,0.571,0.415,0.207,2.7,11.0,6.9,27.5,1.5,0.7,11.3,26.1,3.3,1.9,5.1,0.116,2.6,-1.3,1.3,1.8
collijo01,john collins,John Collins,2023,ATL,PF,25,71,2130,13.6,0.593,0.339,0.252,3.9,20.0,11.9,5.3,0.9,2.9,9.1,17.1,2.1,2.1,4.2,0.095,-1.4,0.2,-1.3,0.4
beysa01,saddiq bey,Saddiq Bey,2023,2TM,SF,23,77,2129,14.6,0.564,0.5,0.285,5.0,14.0,9.4,8.1,1.6,0.5,7.0,20.2,2.6,1.2,3.9,0.087,0.9,-1.2,-0.3,0.9
huntede01,deandre hunter,De'Andre Hunter,2023,ATL,SF,25,67,2126,11.5,0.563,0.348,0.252,2.3,12.4,7.3,6.0,0.8,0.7,8.2,19.7,1.4,1.2,2.5,0.057,-1.9,-1.4,-3.3,-0.7
westbru01,russell westbrook,Russell Westbrook,2023,2TM,PG,34,73,2126,16.1,0.513,0.289,0.317,4.7,16.5,10.8,38.6,1.7,1.3,18.4,27.7,-0.6,2.6,1.9,0.044,0.3,-0.1,0.2,1.2
grimequ01,quentin grimes,Quentin Grimes,2023,NYK,SG,22,71,2121,11.7,0.619,0.676,0.163,2.5,9.4,5.9,9.7,1.1,1.2,9.7,14.4,3.2,1.6,4.8,0.108,-0.3,0.1,-0.1,1.0
porzikr01,kristaps porzingis,Kristaps Porziņģis,2023,WAS,C,27,65,2120,23.1,0.627,0.35,0.409,6.2,21.8,14.3,12.9,1.3,4.0,10.2,27.4,5.0,2.7,7.7,0.174,3.8,0.5,4.3,3.4
trentga02,gary trent,Gary Trent Jr.,2023,TOR,SG,24,66,2118,15.0,0.56,0.481,0.219,1.5,8.2,4.6,7.4,2.4,0.6,5.1,21.7,2.5,2.0,4.5,0.102,0.2,0.0,0.2,1.2
lillada01,damian lillard,Damian Lillard,2023,POR,PG,32,58,2107,26.7,0.645,0.547,0.464,2.4,12.8,7.6,35.0,1.2,0.8,11.7,33.8,8.2,0.8,9.0,0.205,8.3,-1.2,7.1,4.9
dosunay01,ayo dosunmu,Ayo Dosunmu,2023,CHI,SG,23,80,2098,10.2,0.567,0.332,0.144,2.5,9.3,5.9,13.2,1.4,1.2,14.0,14.9,0.7,2.2,2.9,0.067,-3.0,0.6,-2.5,-0.2
kispeco01,corey kispert,Corey Kispert,2023,WAS,SF,23,74,2093,11.5,0.657,0.656,0.15,1.8,8.9,5.5,5.7,0.7,0.4,8.1,14.1,2.9,0.9,3.8,0.088,-0.1,-1.4,-1.5,0.2
beaslma01,malik beasley,Malik Beasley,2023,2TM,SG,26,81,2093,10.9,0.531,0.702,0.069,1.8,12.5,7.3,8.4,1.5,0.4,8.5,21.1,-0.2,1.6,1.4,0.032,-0.9,-1.0,-2.0,0.0
martica02,caleb martin,Caleb Martin,2023,MIA,SF,27,71,2077,11.4,0.571,0.431,0.206,4.8,15.0,9.7,8.2,1.7,1.5,11.5,14.4,1.2,2.5,3.7,0.086,-1.8,0.5,-1.2,0.4
nembhan01,andrew nembhard,Andrew Nembhard,2023,IND,SG,23,75,2073,10.0,0.528,0.408,0.096,1.9,8.8,5.3,22.4,1.6,0.5,15.8,16.1,0.4,0.8,1.2,0.029,-2.4,-0.8,-3.2,-0.6
johnske04,keldon johnson,Keldon Johnson,2023,SAS,SF,23,63,2063,15.3,0.551,0.366,0.294,2.9,14.4,8.4,13.7,1.1,0.4,9.6,27.9,0.7,0.5,1.3,0.03,0.7,-2.5,-1.8,0.1
gordoaa01,aaron gordon,Aaron Gordon,2023,DEN,PF,27,68,2055,19.5,0.617,0.227,0.413,9.4,15.4,12.5,14.2,1.3,2.2,9.8,21.1,4.6,2.2,6.8,0.158,2.4,-0.3,2.1,2.1
plumlma01,mason plumlee,Mason Plumlee,2023,2TM,C,32,79,2054,19.6,0.689,0.0,0.647,11.8,25.1,18.4,17.3,1.1,2.0,15.8,15.2,5.5,2.4,7.9,0.185,1.2,1.0,2.2,2.2
willigr01,grant williams,Grant Williams,2023,BOS,PF,24,79,2045,10.3,0.605,0.611,0.256,4.7,14.5,9.7,8.4,1.0,1.3,13.4,13.1,1.9,2.6,4.4,0.104,-1.8,0.7,-1.1,0.5
aytonde01,deandre ayton,Deandre Ayton,2023,PHO,C,24,67,2035,19.9,0.617,0.027,0.225,9.2,27.5,18.1,9.2,0.9,2.3,11.0,22.9,3.3,3.0,6.2,0.147,0.9,0.0,0.9,1.5
conlemi01,mike conley,Mike Conley,2023,2TM,PG,35,67,2029,14.7,0.583,0.575,0.277,1.8,7.9,4.9,29.4,1.7,0.6,13.1,16.3,4.1,1.4,5.5,0.13,1.0,-0.1,0.9,1.5
antetgi01,giannis antetokounmpo,Giannis Antetokounmpo,2023,MIL,PF,28,63,2024,29.0,0.605,0.134,0.604,7.3,30.0,19.1,33.2,1.2,2.1,13.2,38.8,4.9,3.7,8.6,0.204,5.8,2.7,8.5,5.4
porteke02,kevin porter,Kevin Porter Jr.,2023,HOU,PG,22,59,2024,16.2,0.565,0.436,0.299,4.1,13.1,8.5,25.7,2.0,0.8,15.8,24.3,1.9,1.0,2.9,0.068,1.4,-0.8,0.6,1.3
avdijde01,deni avdija,Deni Avdija,2023,WAS,SF,22,76,2020,11.2,0.535,0.401,0.285,4.2,21.9,13.4,13.9,1.6,1.2,15.9,16.7,0.0,2.3,2.3,0.054,-2.8,0.5,-2.3,-0.1
maxeyty01,tyrese maxey,Tyrese Maxey,2023,PHI,SG,22,60,2016,17.0,0.605,0.404,0.233,1.4,8.8,5.2,16.9,1.2,0.4,7.4,24.1,3.7,1.6,5.4,0.128,1.9,-1.2,0.6,1.3
finnedo01,dorian finney smith,Dorian Finney-Smith,2023,2TM,PF,29,66,2009,9.2,0.523,0.675,0.118,6.5,11.5,9.0,6.7,1.4,1.6,10.5,13.2,0.6,1.6,2.1,0.051,-1.7,-0.3,-2.0,0.0
clarkjo01,jordan clarkson,Jordan Clarkson,2023,UTA,SG,30,61,1988,14.7,0.558,0.445,0.238,4.0,9.3,6.7,20.9,0.8,0.6,14.0,27.8,0.9,0.8,1.7,0.042,1.0,-2.4,-1.4,0.3
schrode01,dennis schroder,Dennis Schröder,2023,LAL,PG,29,66,1986,11.5,0.545,0.346,0.388,1.2,7.5,4.4,20.1,1.2,0.4,12.8,18.6,1.3,1.5,2.8,0.068,-2.4,-0.5,-2.9,-0.4
jonestr01,tre jones,Tre Jones,2023,SAS,PG,23,68,1984,16.0,0.534,0.213,0.231,3.0,10.8,6.7,31.5,2.1,0.4,11.8,19.3,2.6,0.8,3.4,0.082,-0.2,-0.8,-1.0,0.5
allengr01,grayson allen,Grayson Allen,2023,MIL,SG,27,72,1972,12.3,0.612,0.657,0.226,3.4,9.0,6.3,10.9,1.5,0.6,10.5,14.6,2.8,2.2,5.1,0.123,-0.6,0.7,0.1,1.0
valanjo01,jonas valanciunas,Jonas Valančiūnas,2023,NOP,C,30,79,1968,19.3,0.61,0.134,0.275,13.0,33.3,23.1,11.1,0.5,2.5,14.8,23.4,2.8,3.0,5.8,0.142,0.0,-0.4,-0.4,0.8
gordoer01,eric gordon,Eric Gordon,2023,2TM,SG,34,69,1965,11.8,0.587,0.545,0.265,0.9,6.7,3.8,13.4,1.1,1.2,12.5,17.8,1.8,0.5,2.3,0.056,-0.5,-1.4,-1.9,0.1
looneke01,kevon looney,Kevon Looney,2023,GSW,C,26,82,1958,17.8,0.639,0.003,0.404,15.7,26.8,21.4,13.8,1.3,2.2,9.1,10.6,5.9,2.8,8.7,0.212,0.9,1.3,2.1,2.0
anderky01,kyle anderson,Kyle Anderson,2023,MIN,PF,29,69,1957,14.8,0.583,0.212,0.275,3.8,16.9,10.5,22.6,1.9,2.8,15.7,14.4,2.5,2.6,5.1,0.125,0.2,2.3,2.5,2.2
smartma01,marcus smart,Marcus Smart,2023,BOS,PG,28,61,1957,12.1,0.538,0.568,0.196,2.6,8.0,5.3,26.4,2.3,1.0,17.9,17.8,1.0,2.7,3.7,0.092,-1.8,0.8,-1.0,0.5
jamesle01,lebron james,LeBron James,2023,LAL,PF,38,55,1954,23.9,0.583,0.309,0.268,3.7,20.8,12.5,33.5,1.2,1.4,11.6,33.3,3.2,2.4,5.6,0.138,5.5,0.6,6.1,4.0
joneshe01,herbert jones,Herbert Jones,2023,NOP,PF,24,66,1951,12.1,0.567,0.333,0.321,5.6,10.0,7.8,11.1,2.6,2.1,13.3,14.5,1.5,2.7,4.2,0.104,-1.9,1.7,-0.3,0.8
craigto01,torrey craig,Torrey Craig,2023,PHO,PF,32,79,1948,11.6,0.566,0.506,0.09,8.1,16.3,12.1,7.9,1.3,2.9,12.3,13.0,1.5,2.5,4.0,0.098,-1.3,0.7,-0.6,0.7
moranja01,ja morant,Ja Morant,2023,MEM,PG,23,61,1948,23.3,0.557,0.247,0.409,3.3,16.1,9.7,41.1,1.6,0.7,12.6,34.9,3.4,2.6,6.0,0.148,5.2,0.5,5.7,3.8
olynyke01,kelly olynyk,Kelly Olynyk,2023,UTA,C,31,68,1942,14.4,0.643,0.424,0.417,4.6,18.6,11.7,17.6,1.5,1.6,20.3,17.8,2.4,1.9,4.3,0.106,-0.4,0.9,0.4,1.2
curryst01,stephen curry,Stephen Curry,2023,GSW,PG,34,56,1941,24.1,0.656,0.564,0.248,2.3,16.8,9.7,30.0,1.3,0.9,12.5,31.0,5.8,2.0,7.8,0.192,7.5,0.1,7.5,4.7
jonesty01,tyus jones,Tyus Jones,2023,MEM,PG,26,80,1940,16.0,0.546,0.459,0.141,1.5,9.4,5.5,28.8,2.0,0.3,8.9,17.7,3.4,2.3,5.7,0.141,1.2,0.3,1.6,1.7
georgpa01,paul george,Paul George,2023,LAC,SF,32,56,1939,19.6,0.588,0.424,0.293,2.6,17.0,9.9,24.2,2.1,0.9,13.4,29.5,2.3,2.3,4.6,0.114,2.4,0.3,2.8,2.3
horfoal01,al horford,Al Horford,2023,BOS,C,36,63,1922,13.8,0.631,0.678,0.044,4.2,17.7,11.1,13.2,0.8,2.7,7.0,11.9,3.6,2.7,6.3,0.157,1.6,1.7,3.3,2.5
tuckepj01,pj tucker,P.J. Tucker,2023,PHI,PF,37,75,1920,5.7,0.566,0.622,0.102,5.9,12.1,9.1,3.9,1.0,0.7,15.8,6.5,0.9,1.7,2.5,0.064,-3.2,0.2,-3.0,-0.5
mcdanja01,jalen mcdaniels,Jalen McDaniels,2023,2TM,SF,25,80,1913,11.8,0.557,0.376,0.224,3.6,16.3,9.9,9.6,2.1,1.6,12.1,17.2,0.5,2.2,2.7,0.068,-2.7,0.6,-2.1,-0.1
poeltja01,jakob poeltl,Jakob Poeltl,2023,2TM,C,27,72,1906,21.0,0.635,0.002,0.325,13.0,25.5,19.0,15.2,1.7,4.0,15.0,18.2,3.7,2.2,6.0,0.15,1.1,0.8,1.9,1.9
davisan02,anthony davis,Anthony Davis,2023,LAL,C,29,56,1904,27.8,0.627,0.077,0.462,11.3,27.6,19.7,13.0,1.5,5.1,9.5,28.4,5.5,3.4,9.0,0.226,4.6,1.7,6.3,4.0
divindo01,donte divincenzo,Donte DiVincenzo,2023,GSW,SG,26,72,1894,12.8,0.593,0.7,0.131,4.7,14.0,9.4,17.3,2.4,0.5,16.4,15.1,1.9,2.3,4.2,0.106,-0.6,1.3,0.7,1.3
bogdabo02,bojan bogdanovic,Bojan Bogdanović,2023,DET,PF,33,59,1893,17.4,0.627,0.4,0.344,2.0,11.3,6.5,13.6,0.9,0.4,11.7,25.9,3.1,0.4,3.5,0.09,2.6,-1.8,0.8,1.4
paulch01,chris paul,Chris Paul,2023,PHO,PG,37,59,1889,17.7,0.555,0.391,0.24,1.6,13.4,7.4,38.7,2.4,1.0,13.4,19.2,3.7,2.5,6.2,0.156,2.0,1.2,3.2,2.5
halibty01,tyrese haliburton,Tyrese Haliburton,2023,IND,PG,22,56,1883,23.6,0.624,0.478,0.239,1.9,10.1,6.0,47.6,2.3,1.1,13.2,23.8,6.4,1.2,7.6,0.195,7.0,0.2,7.2,4.4
vandeja01,jarred vanderbilt,Jarred Vanderbilt,2023,2TM,PF,23,78,1879,15.1,0.604,0.2,0.308,10.0,23.2,16.7,13.1,2.1,0.9,15.9,13.6,2.7,2.5,5.2,0.132,-0.6,1.6,1.1,1.5
mannte01,terance mann,Terance Mann,2023,LAC,SG,26,81,1872,13.4,0.619,0.378,0.225,4.7,11.8,8.3,14.0,1.1,1.0,12.2,15.3,2.8,1.5,4.3,0.111,-0.3,0.1,-0.2,0.8
browntr01,troy brown,Troy Brown Jr.,2023,LAL,SF,23,76,1860,9.6,0.561,0.604,0.084,3.7,13.7,8.9,6.6,1.5,0.7,9.2,12.1,1.0,2.0,2.9,0.075,-1.8,0.8,-1.0,0.5
okongon01,onyeka okongwu,Onyeka Okongwu,2023,ATL,C,22,80,1849,19.4,0.678,0.026,0.394,12.7,21.5,17.0,5.8,1.4,4.9,12.2,15.1,4.7,2.4,7.1,0.185,0.0,0.8,0.8,1.3
reaveau01,austin reaves,Austin Reaves,2023,LAL,SG,24,64,1843,14.9,0.687,0.441,0.541,2.0,9.0,5.6,15.7,0.8,0.9,14.0,16.2,4.1,1.4,5.4,0.142,0.6,0.1,0.7,1.2
banede01,desmond bane,Desmond Bane,2023,MEM,SG,24,58,1841,19.1,0.606,0.433,0.218,2.5,14.3,8.4,20.8,1.4,1.1,10.9,26.1,3.5,2.3,5.8,0.151,3.3,0.1,3.5,2.5
bookede01,devin booker,Devin Booker,2023,PHO,SG,26,53,1835,22.0,0.601,0.296,0.336,2.7,12.0,7.2,27.3,1.4,0.9,10.6,31.8,4.2,1.9,6.0,0.157,4.5,-0.3,4.2,2.9
morrima03,marcus morris,Marcus Morris,2023,LAC,PF,33,65,1825,10.5,0.534,0.479,0.135,1.8,13.9,7.9,8.9,1.1,1.0,7.6,17.6,0.4,1.6,2.0,0.053,-1.8,-0.2,-1.9,0.0
turnemy01,myles turner,Myles Turner,2023,IND,C,26,62,1825,20.0,0.651,0.34,0.377,5.4,22.9,14.2,7.5,0.9,6.6,10.8,22.0,3.4,2.0,5.4,0.142,1.4,0.7,2.1,1.9
portibo01,bobby portis,Bobby Portis,2023,MIL,PF,27,70,1818,17.8,0.575,0.32,0.156,9.2,28.6,19.3,8.7,0.8,0.7,8.6,21.7,2.5,2.8,5.3,0.139,1.2,-0.6,0.7,1.2
nesmiaa01,aaron nesmith,Aaron Nesmith,2023,IND,SF,23,73,1816,10.5,0.566,0.532,0.241,3.8,13.1,8.5,7.4,1.4,1.6,10.3,16.8,0.9,1.1,2.0,0.052,-2.3,-0.7,-3.0,-0.4
beverpa01,patrick beverley,Patrick Beverley,2023,2TM,SG,34,67,1816,8.9,0.534,0.664,0.181,2.7,12.0,7.5,13.3,1.7,2.0,13.4,10.6,0.8,2.1,3.0,0.079,-2.9,1.7,-1.2,0.3
carteje01,jevon carter,Jevon Carter,2023,MIL,PG,27,81,1810,10.9,0.56,0.596,0.067,2.1,9.3,5.8,14.5,1.7,1.3,11.8,15.3,1.2,2.3,3.5,0.092,-1.9,1.2,-0.6,0.6
portemi01,michael porter,Michael Porter Jr.,2023,DEN,SF,24,62,1798,16.8,0.621,0.556,0.147,4.2,17.2,10.9,5.3,1.0,1.4,7.3,22.7,2.6,1.8,4.3,0.116,2.0,-1.8,0.2,1.0
marshna01,naji marshall,Naji Marshall,2023,NOP,SF,25,77,1792,11.4,0.539,0.382,0.306,3.0,14.6,8.8,14.4,1.5,0.7,13.0,17.8,0.5,2.0,2.5,0.068,-1.9,0.0,-1.9,0.1
jacksja02,jaren jackson,Jaren Jackson Jr.,2023,MEM,C,23,63,1787,21.6,0.613,0.343,0.372,6.4,18.8,12.6,5.0,1.7,9.6,10.1,24.7,2.8,3.8,6.6,0.177,0.7,2.0,2.8,2.2
sharpsh01,shaedon sharpe,Shaedon Sharpe,2023,POR,SG,19,80,1779,11.5,0.568,0.437,0.162,4.0,11.3,7.6,7.9,1.0,1.2,10.7,19.0,0.6,0.6,1.2,0.032,-1.3,-2.0,-3.3,-0.6
fultzma01,markelle fultz,Markelle Fultz,2023,ORL,PG,24,60,1778,16.6,0.564,0.128,0.211,4.4,10.5,7.4,29.8,2.4,1.4,15.8,21.3,1.7,2.0,3.7,0.1,-0.1,0.7,0.5,1.2
easonta01,tari eason,Tari Eason,2023,HOU,PF,21,82,1767,15.2,0.525,0.261,0.22,12.0,18.9,15.4,7.4,2.6,2.6,12.2,19.3,0.9,1.7,2.6,0.07,-1.3,-0.4,-1.7,0.1
vincega01,gabe vincent,Gabe Vincent,2023,MIA,PG,26,68,1759,9.0,0.533,0.617,0.138,1.7,8.1,4.8,13.9,1.8,0.3,13.3,17.5,-0.3,1.7,1.4,0.038,-3.1,-0.3,-3.4,-0.6
leonaka01,kawhi leonard,Kawhi Leonard,2023,LAC,SF,31,52,1748,23.9,0.623,0.287,0.32,3.7,17.8,10.8,19.6,2.0,1.4,8.1,27.0,4.9,2.2,7.1,0.194,5.1,0.9,6.1,3.5
brogdma01,malcolm brogdon,Malcolm Brogdon,2023,BOS,PG,30,67,1744,18.2,0.615,0.406,0.251,2.7,14.7,8.8,21.5,1.3,0.9,10.8,22.8,3.6,2.2,5.8,0.161,2.3,0.6,2.8,2.1
woodch01,christian wood,Christian Wood,2023,DAL,C,27,67,1738,20.6,0.624,0.363,0.365,5.8,27.4,16.4,11.7,0.9,3.7,11.9,26.4,2.7,2.1,4.8,0.132,1.9,-0.3,1.7,1.6
whiteco01,coby white,Coby White,2023,CHI,SG,22,74,1730,12.5,0.572,0.579,0.118,1.1,12.6,6.9,16.3,1.5,0.3,10.6,17.9,1.2,1.9,3.1,0.087,-1.0,0.2,-0.8,0.5
capelca01,clint capela,Clint Capela,2023,ATL,C,28,65,1730,22.1,0.656,0.002,0.244,16.1,29.4,22.7,4.7,1.2,3.9,8.3,15.7,4.9,2.4,7.2,0.201,2.3,-0.1,2.2,1.8
monkma01,malik monk,Malik Monk,2023,SAC,SG,24,77,1719,16.6,0.587,0.5,0.26,2.1,11.3,6.7,25.0,1.4,1.0,14.1,25.8,2.1,1.2,3.2,0.091,1.6,-1.4,0.3,1.0
lowryky01,kyle lowry,Kyle Lowry,2023,MIA,PG,36,55,1718,12.6,0.565,0.639,0.278,2.8,12.9,7.7,23.4,1.7,1.2,15.9,16.7,1.5,1.9,3.4,0.096,-0.7,0.8,0.2,0.9
batumni01,nicolas batum,Nicolas Batum,2023,LAC,PF,34,78,1709,11.0,0.594,0.832,0.126,4.1,15.4,9.8,9.4,1.5,2.3,11.1,11.5,1.7,1.9,3.6,0.101,-0.8,1.2,0.5,1.0
kesslwa01,walker kessler,Walker Kessler,2023,UTA,C,21,74,1703,21.5,0.702,0.007,0.384,14.9,24.4,19.7,5.7,0.7,8.6,10.7,13.3,4.6,2.5,7.1,0.2,1.4,1.5,2.9,2.1
morrimo01,monte morris,Monte Morris,2023,WAS,PG,27,62,1695,15.0,0.579,0.396,0.15,1.8,11.6,6.9,26.4,1.2,0.6,9.9,15.6,3.1,1.1,4.2,0.12,0.8,-0.4,0.5,1.1
cartewe01,wendell carter,Wendell Carter Jr.,2023,ORL,C,23,57,1690,17.3,0.621,0.367,0.318,8.0,25.3,16.6,12.0,0.9,1.9,13.2,20.5,2.6,2.0,4.6,0.13,0.9,0.1,1.0,1.3
aldamsa01,santi aldama,Santi Aldama,2023,MEM,PF,22,77,1682,13.9,0.591,0.507,0.274,5.4,18.0,11.7,7.6,1.3,2.6,9.3,16.0,2.1,2.4,4.6,0.13,-0.3,0.8,0.5,1.1
bealbr01,bradley beal,Bradley Beal,2023,WAS,SG,29,50,1673,19.7,0.593,0.249,0.26,2.8,9.9,6.5,26.6,1.3,1.7,12.9,29.2,2.2,1.2,3.4,0.099,2.9,-1.2,1.8,1.6
duranke01,kevin durant,Kevin Durant,2023,2TM,PF,34,47,1672,25.9,0.677,0.267,0.387,1.2,19.5,10.5,24.5,1.0,3.4,13.4,30.7,4.7,2.1,6.8,0.194,6.0,1.2,7.1,3.9
durenja01,jalen duren,Jalen Duren,2023,DET,C,19,67,1670,17.3,0.655,0.005,0.394,14.7,25.1,19.7,6.8,1.3,3.1,16.5,14.3,2.9,1.6,4.5,0.129,-0.4,-0.4,-0.8,0.5
jacksre01,reggie jackson,Reggie Jackson,2023,2TM,PG,32,68,1657,10.0,0.514,0.45,0.122,1.7,8.0,4.9,20.0,1.4,0.3,14.6,20.8,-0.6,1.2,0.6,0.018,-2.9,-1.1,-3.9,-0.8
okorois01,isaac okoro,Isaac Okoro,2023,CLE,SF,22,76,1652,10.7,0.614,0.483,0.291,3.7,9.6,6.7,7.0,1.7,1.7,9.5,11.9,1.9,2.3,4.2,0.122,-1.9,1.6,-0.3,0.7
harteis01,isaiah hartenstein,Isaiah Hartenstein,2023,NYK,C,24,82,1626,14.2,0.567,0.113,0.217,14.1,22.2,18.1,8.3,1.6,3.7,15.6,11.2,2.2,2.4,4.6,0.136,-1.5,1.2,-0.3,0.7
gaffoda01,daniel gafford,Daniel Gafford,2023,WAS,C,24,78,1604,19.7,0.739,0.0,0.473,11.7,18.0,15.0,7.5,1.0,5.2,15.1,15.2,4.2,1.9,6.1,0.184,0.4,0.6,1.0,1.2
robinmi01,mitchell robinson,Mitchell Robinson,2023,NYK,C,24,59,1591,18.9,0.652,0.0,0.436,18.4,20.0,19.2,4.5,1.7,6.5,10.9,10.1,4.0,2.6,6.5,0.197,1.0,1.4,2.4,1.7
eubandr01,drew eubanks,Drew Eubanks,2023,POR,C,25,78,1584,16.2,0.666,0.054,0.374,9.5,20.9,15.2,9.2,1.2,5.7,14.7,12.5,2.9,1.6,4.4,0.134,-0.9,0.9,0.1,0.8
haywago01,gordon hayward,Gordon Hayward,2023,CHO,SF,32,50,1577,13.5,0.563,0.275,0.274,2.2,12.6,7.3,19.3,1.3,0.7,13.2,20.0,0.8,1.1,2.0,0.059,-1.1,-0.3,-1.4,0.2
carusal01,alex caruso,Alex Caruso,2023,CHI,PG,28,67,1575,11.5,0.588,0.528,0.255,3.1,10.9,7.1,15.4,3.0,2.8,19.5,11.1,1.0,2.6,3.6,0.109,-2.2,3.3,1.1,1.2
miltosh01,shake milton,Shake Milton,2023,PHI,SG,26,76,1567,12.7,0.575,0.294,0.231,3.0,11.3,7.2,22.3,0.8,0.8,14.5,18.5,1.6,1.2,2.9,0.087,-1.0,-0.9,-2.0,0.0
powelno01,norman powell,Norman Powell,2023,LAC,SG,29,60,1567,17.1,0.612,0.404,0.39,1.7,10.7,6.3,11.0,1.6,1.0,10.8,26.0,2.1,1.4,3.5,0.107,0.9,-0.7,0.3,0.9
anthoco01,cole anthony,Cole Anthony,2023,ORL,PG,22,60,1552,16.0,0.57,0.338,0.279,3.4,17.6,10.5,22.9,1.2,1.9,11.7,21.5,2.1,1.7,3.7,0.116,0.7,0.5,1.3,1.3
branhma01,malaki branham,Malaki Branham,2023,SAS,SG,19,66,1550,9.5,0.524,0.417,0.115,1.9,11.2,6.4,11.4,1.0,0.4,10.6,19.1,-0.4,0.2,-0.1,-0.004,-3.0,-2.1,-5.2,-1.3
osmande01,cedi osman,Cedi Osman,2023,CLE,SF,27,77,1548,12.0,0.579,0.589,0.204,1.9,11.5,6.7,10.6,1.1,0.7,8.3,18.2,1.4,1.9,3.3,0.103,-0.8,0.2,-0.7,0.5
oubreke01,kelly oubre,Kelly Oubre Jr.,2023,CHO,SF,27,48,1548,14.8,0.534,0.414,0.254,4.4,12.9,8.6,5.6,2.1,1.0,6.6,26.5,0.1,1.5,1.7,0.051,-0.4,-0.7,-1.1,0.3
greenjo02,josh green,Josh Green,2023,DAL,SG,22,60,1539,11.2,0.645,0.442,0.246,4.1,9.7,6.9,9.7,1.4,0.3,14.5,14.6,1.7,0.9,2.6,0.082,-1.9,-0.6,-2.4,-0.2
ingrabr01,brandon ingram,Brandon Ingram,2023,NOP,SF,25,45,1538,19.2,0.582,0.196,0.326,1.7,16.4,9.1,28.1,1.0,1.2,13.4,30.8,1.8,1.7,3.5,0.108,2.2,-0.4,1.7,1.5
richajo01,josh richardson,Josh Richardson,2023,2TM,SG,29,65,1530,12.3,0.555,0.529,0.146,2.9,9.9,6.3,15.8,2.2,1.2,12.7,18.4,0.6,1.1,1.8,0.055,-1.0,-0.1,-1.2,0.3
harrijo01,joe harris,Joe Harris,2023,BRK,SF,31,74,1527,10.6,0.621,0.757,0.064,1.7,10.1,6.0,9.1,1.1,0.7,8.3,14.3,1.5,1.1,2.6,0.083,-0.6,-0.6,-1.1,0.3
mccontj01,tj mcconnell,T.J. McConnell,2023,IND,PG,30,75,1526,16.8,0.59,0.113,0.131,3.3,13.7,8.5,37.9,2.5,0.6,20.6,19.1,1.9,1.2,3.1,0.098,0.4,0.1,0.5,1.0
bouchch01,chris boucher,Chris Boucher,2023,TOR,PF,30,76,1523,18.0,0.59,0.357,0.318,10.9,21.2,15.7,2.7,1.5,4.1,6.4,18.0,3.0,2.0,5.0,0.156,0.7,-0.8,-0.1,0.7
niangge01,georges niang,Georges Niang,2023,PHI,PF,29,78,1512,10.9,0.61,0.765,0.09,1.5,12.8,7.2,7.3,1.0,0.9,9.4,17.0,1.1,1.4,2.5,0.078,-0.4,-1.0,-1.4,0.2
bogdabo01,bogdan bogdanovic,Bogdan Bogdanović,2023,ATL,SG,30,54,1508,14.2,0.586,0.589,0.126,1.6,10.4,6.0,13.4,1.4,1.0,9.2,19.8,1.8,1.0,2.8,0.088,1.1,-0.7,0.5,0.9
leeda03,damion lee,Damion Lee,2023,PHO,SG,30,74,1506,10.7,0.607,0.546,0.23,2.8,14.0,8.3,8.9,1.0,0.4,13.5,16.3,1.1,1.4,2.6,0.081,-1.3,-0.4,-1.7,0.1
bolbo01,bol bol,Bol Bol,2023,ORL,PF,23,70,1505,14.4,0.603,0.236,0.226,5.2,25.3,15.2,6.9,1.0,5.5,17.6,18.2,0.0,2.2,2.3,0.072,-1.8,0.9,-0.9,0.4
konchjo01,john konchar,John Konchar,2023,MEM,SF,26,72,1494,10.8,0.542,0.553,0.113,4.5,17.4,11.0,8.2,2.4,1.5,9.9,10.4,1.0,2.5,3.5,0.111,-1.9,2.4,0.5,0.9
hachiru01,rui hachimura,Rui Hachimura,2023,2TM,PF,24,63,1466,13.2,0.556,0.274,0.204,4.1,16.5,10.5,5.8,0.6,1.5,7.7,20.2,0.6,1.3,1.8,0.06,-1.3,-1.0,-2.2,-0.1
poweldw01,dwight powell,Dwight Powell,2023,DAL,C,31,76,1458,15.5,0.738,0.019,0.625,11.8,13.3,12.5,6.9,1.6,1.6,15.9,12.6,3.8,1.3,5.1,0.168,-1.2,0.0,-1.2,0.3
sochaje01,jeremy sochan,Jeremy Sochan,2023,SAS,PF,19,56,1458,11.4,0.509,0.243,0.21,6.9,15.6,11.0,13.6,1.4,1.3,13.9,19.8,-0.5,0.7,0.2,0.005,-2.8,-1.2,-4.0,-0.7
bateske01,keita bates diop,Keita Bates-Diop,2023,SAS,PF,27,67,1452,14.9,0.609,0.305,0.323,4.7,14.3,9.3,9.8,1.5,1.1,9.5,16.7,2.1,0.6,2.7,0.089,0.3,-0.9,-0.6,0.5
mitchda01,davion mitchell,Davion Mitchell,2023,SAC,PG,24,80,1447,9.4,0.545,0.494,0.078,1.3,7.0,4.1,16.5,1.5,0.9,13.1,14.1,0.7,0.8,1.5,0.05,-2.4,-0.4,-2.8,-0.3
connapa01,pat connaughton,Pat Connaughton,2023,MIL,SF,30,61,1443,10.0,0.531,0.765,0.097,3.8,16.2,10.2,6.9,1.2,0.6,7.0,13.8,0.7,1.8,2.5,0.085,-1.3,0.3,-1.0,0.3
colliza01,zach collins,Zach Collins,2023,SAS,C,25,63,1441,16.4,0.599,0.268,0.259,8.5,22.5,15.2,18.0,1.2,2.8,17.4,21.2,1.2,1.0,2.2,0.074,-0.5,0.3,-0.2,0.6
stewais01,isaiah stewart,Isaiah Stewart,2023,DET,C,21,50,1414,13.1,0.56,0.465,0.338,8.7,23.3,15.8,7.3,0.7,2.1,11.8,17.3,1.1,0.9,2.0,0.068,-1.0,-1.1,-2.1,0.0
griffaj01,aj griffin,AJ Griffin,2023,ATL,SF,19,72,1401,12.6,0.577,0.486,0.088,2.9,9.2,6.0,7.0,1.4,0.7,7.1,17.9,1.3,0.9,2.2,0.075,-0.3,-0.5,-0.8,0.4
joeis01,isaiah joe,Isaiah Joe,2023,OKC,SG,23,73,1395,14.5,0.626,0.776,0.197,2.0,11.6,6.7,8.7,1.6,0.5,6.6,17.7,2.5,1.3,3.8,0.131,1.3,-0.4,0.9,1.0
kuminjo01,jonathan kuminga,Jonathan Kuminga,2023,GSW,PF,20,67,1394,13.3,0.597,0.294,0.278,5.6,12.5,9.1,12.7,1.4,2.0,14.6,19.6,1.0,1.4,2.4,0.084,-1.7,-0.1,-1.7,0.1
nurkiju01,jusuf nurkic,Jusuf Nurkić,2023,POR,C,28,52,1391,17.3,0.589,0.236,0.38,9.3,29.7,19.5,16.4,1.5,2.8,16.8,22.1,1.2,1.5,2.7,0.092,-0.6,0.7,0.1,0.7
smithde03,dennis smith,Dennis Smith Jr.,2023,CHO,PG,25,54,1390,11.6,0.475,0.246,0.235,2.0,11.0,6.4,26.1,2.6,1.6,14.1,17.6,-0.4,1.5,1.1,0.039,-3.5,1.2,-2.2,-0.1
nancela02,larry nance,Larry Nance Jr.,2023,NOP,C,30,65,1381,16.0,0.649,0.138,0.259,8.7,20.3,14.5,11.7,2.0,2.6,11.0,11.9,2.8,2.1,4.9,0.171,0.0,2.0,2.0,1.4
okogijo01,josh okogie,Josh Okogie,2023,PHO,SG,24,72,1350,13.3,0.531,0.476,0.464,8.8,11.9,10.3,10.3,2.0,2.3,11.2,17.7,1.1,1.7,2.8,0.101,-0.8,0.5,-0.2,0.6
grahade01,devonte graham,Devonte' Graham,2023,2TM,PG,27,73,1338,12.5,0.552,0.784,0.304,1.6,8.7,5.1,19.4,1.6,1.1,9.8,17.1,1.5,1.0,2.5,0.091,0.1,-0.2,-0.1,0.6
rosste01,terrence ross,Terrence Ross,2023,2TM,SG,31,63,1330,10.2,0.544,0.555,0.073,1.8,11.2,6.5,10.2,1.3,0.7,8.2,16.8,0.5,1.2,1.6,0.059,-1.8,-0.3,-2.1,0.0
kennalu01,luke kennard,Luke Kennard,2023,2TM,SG,26,59,1315,13.0,0.684,0.704,0.102,1.2,11.8,6.6,9.4,1.2,0.3,10.3,14.5,2.2,1.2,3.4,0.124,0.6,-0.1,0.5,0.8
mcderdo01,doug mcdermott,Doug McDermott,2023,SAS,SF,31,64,1314,11.1,0.59,0.57,0.134,1.8,10.0,5.8,9.8,0.5,0.4,9.5,19.2,1.0,0.0,1.0,0.035,-0.7,-2.5,-3.2,-0.4
hortota01,talen horton tucker,Talen Horton-Tucker,2023,UTA,SG,22,65,1313,13.7,0.508,0.331,0.274,3.4,13.7,8.6,27.4,1.5,1.9,15.5,25.9,-0.3,1.1,0.8,0.029,-1.1,-0.5,-1.6,0.2
alvarjo01,jose alvarado,Jose Alvarado,2023,NOP,PG,24,61,1310,11.8,0.525,0.505,0.164,2.4,9.8,6.1,19.9,2.5,0.7,13.4,19.8,0.1,1.7,1.8,0.066,-2.0,0.7,-1.2,0.3
wiggiaa01,aaron wiggins,Aaron Wiggins,2023,OKC,SG,24,70,1297,12.2,0.607,0.336,0.196,5.5,12.0,8.7,8.3,1.4,1.1,12.2,14.5,1.4,1.2,2.6,0.097,-1.5,-0.5,-2.1,0.0
walkelo01,lonnie walker,Lonnie Walker IV,2023,LAL,SG,24,56,1297,12.2,0.57,0.472,0.201,1.2,7.6,4.5,7.0,1.1,1.1,7.4,20.2,0.8,1.0,1.8,0.066,-0.9,-0.5,-1.4,0.2
hausesa01,sam hauser,Sam Hauser,2023,BOS,SF,25,80,1290,12.7,0.634,0.846,0.043,3.0,14.1,8.6,7.6,1.1,1.4,6.9,14.7,1.8,1.6,3.4,0.128,0.6,0.4,1.0,1.0
smithja04,jalen smith,Jalen Smith,2023,IND,C,22,68,1279,15.9,0.565,0.376,0.27,11.2,22.9,17.1,7.6,0.8,4.0,11.2,21.0,1.1,1.1,2.3,0.085,-0.9,-1.1,-2.1,0.0
ballla01,lamelo ball,LaMelo Ball,2023,CHO,PG,21,36,1268,17.9,0.541,0.531,0.169,3.5,16.2,9.7,38.7,1.7,0.8,14.3,30.0,0.6,1.2,1.8,0.068,3.2,-0.8,2.4,1.4
roddyda01,david roddy,David Roddy,2023,MEM,PF,21,70,1258,8.8,0.519,0.505,0.155,4.2,12.0,8.1,6.1,1.1,1.4,11.3,16.7,-0.3,1.4,1.1,0.043,-3.2,-0.7,-3.9,-0.6
nowelja01,jaylen nowell,Jaylen Nowell,2023,MIN,SG,23,65,1252,13.7,0.527,0.371,0.158,3.3,11.7,7.6,15.9,1.6,0.3,8.9,25.0,0.0,1.2,1.2,0.046,-1.5,-1.0,-2.5,-0.2
reidna01,naz reid,Naz Reid,2023,MIN,C,23,68,1251,18.5,0.617,0.376,0.22,6.6,22.8,14.9,9.6,1.6,3.7,12.7,24.8,1.1,1.9,3.0,0.114,0.3,0.8,1.0,1.0
lylestr01,trey lyles,Trey Lyles,2023,SAC,PF,27,74,1247,14.2,0.607,0.588,0.304,6.3,21.1,13.7,7.0,1.0,2.2,12.2,18.1,1.4,1.2,2.6,0.098,0.0,-0.9,-1.0,0.3
suggsja01,jalen suggs,Jalen Suggs,2023,ORL,SG,21,53,1246,12.5,0.528,0.455,0.268,5.0,9.6,7.3,18.0,2.6,2.1,15.9,20.3,-0.2,1.5,1.4,0.053,-1.8,0.8,-1.0,0.3
loveke01,kevin love,Kevin Love,2023,2TM,PF,34,62,1240,13.1,0.548,0.698,0.215,5.5,32.6,18.9,13.2,0.6,0.9,13.1,19.2,0.6,2.0,2.6,0.099,0.2,0.4,0.6,0.8
josepco01,cory joseph,Cory Joseph,2023,DET,PG,31,62,1227,12.1,0.558,0.513,0.205,1.8,7.9,4.8,25.4,1.3,0.6,12.8,15.2,1.5,0.3,1.8,0.07,-0.7,-0.8,-1.5,0.2
wrighde01,delon wright,Delon Wright,2023,WAS,PG,30,50,1221,16.3,0.581,0.409,0.206,5.5,10.7,8.2,20.9,3.7,1.2,12.2,12.9,2.1,1.6,3.7,0.146,0.4,3.1,3.4,1.7
richani01,nick richards,Nick Richards,2023,CHO,C,25,65,1217,18.3,0.676,0.003,0.585,12.6,24.0,18.2,4.5,0.4,5.1,13.0,15.6,2.7,1.5,4.2,0.165,-1.0,-0.2,-1.3,0.2
curryse01,seth curry,Seth Curry,2023,BRK,SG,32,61,1211,12.3,0.593,0.517,0.122,1.2,7.9,4.6,11.9,1.5,0.5,9.7,19.2,0.9,0.9,1.8,0.07,-1.2,-0.9,-2.1,0.0
agbajoc01,ochai agbaji,Ochai Agbaji,2023,UTA,SG,22,59,1209,9.5,0.561,0.591,0.179,3.9,6.9,5.4,7.5,0.6,1.0,9.0,15.8,0.9,0.4,1.3,0.053,-1.7,-1.4,-3.0,-0.3
willike04,kenrich williams,Kenrich Williams,2023,OKC,PF,28,53,1206,14.4,0.585,0.387,0.113,8.5,14.9,11.6,11.7,1.8,1.1,8.1,13.7,2.0,1.3,3.3,0.133,0.1,0.4,0.5,0.8
thybuma01,matisse thybulle,Matisse Thybulle,2023,2TM,SG,25,71,1200,10.5,0.552,0.585,0.111,3.9,9.7,6.8,5.9,3.4,2.4,8.3,10.6,0.6,1.5,2.1,0.086,-2.7,2.2,-0.5,0.4
liveris01,isaiah livers,Isaiah Livers,2023,DET,PF,24,52,1199,8.4,0.567,0.705,0.135,2.5,11.0,6.6,4.8,1.1,2.1,9.0,11.9,0.5,0.5,1.0,0.041,-2.1,-0.3,-2.4,-0.1
johnsca02,cameron johnson,Cameron Johnson,2023,2TM,PF,26,42,1199,17.1,0.617,0.538,0.253,3.2,14.0,8.6,9.6,2.0,1.0,6.6,20.6,2.1,1.4,3.5,0.142,2.0,0.6,2.6,1.4
lamban01,anthony lamb,Anthony Lamb,2023,GSW,SF,25,62,1195,10.9,0.61,0.634,0.191,5.3,14.4,9.9,10.5,1.1,1.5,13.7,13.8,1.2,1.2,2.4,0.096,-1.6,0.4,-1.1,0.3
princta02,taurean prince,Taurean Prince,2023,MIN,PF,28,54,1192,10.0,0.597,0.512,0.203,1.4,10.8,6.2,9.6,1.1,1.1,14.3,17.3,0.3,1.0,1.3,0.052,-2.6,-0.6,-3.3,-0.4
wiggian01,andrew wiggins,Andrew Wiggins,2023,GSW,SF,27,37,1190,14.7,0.564,0.425,0.136,5.7,11.3,8.6,10.5,1.8,2.1,7.9,21.5,1.0,1.3,2.3,0.091,-0.1,-0.4,-0.5,0.5
nworajo01,jordan nwora,Jordan Nwora,2023,2TM,SF,24,62,1188,12.2,0.561,0.474,0.193,4.7,15.8,10.4,10.5,1.0,1.0,12.0,19.4,0.5,1.0,1.5,0.06,-0.8,-1.3,-2.1,0.0
harriga01,gary harris,Gary Harris,2023,ORL,SG,28,48,1184,10.5,0.62,0.71,0.098,2.0,7.4,4.7,6.9,1.8,1.0,8.0,12.6,1.3,1.1,2.3,0.095,-1.4,0.7,-0.7,0.4
manntr01,tre mann,Tre Mann,2023,OKC,PG,21,67,1183,10.0,0.492,0.513,0.11,2.4,11.8,7.0,14.0,1.6,0.9,10.6,20.7,-0.6,1.1,0.5,0.021,-3.0,-1.0,-3.9,-0.6
watfotr01,trendon watford,Trendon Watford,2023,POR,PF,22,62,1182,13.6,0.625,0.198,0.31,4.1,19.2,11.6,16.0,1.3,0.9,16.2,16.1,1.3,0.7,2.1,0.084,-1.4,-0.4,-1.8,0.1
braunch01,christian braun,Christian Braun,2023,DEN,SG,21,76,1181,10.3,0.568,0.332,0.221,4.8,12.6,8.8,6.4,1.7,1.3,9.9,13.0,0.7,1.2,1.9,0.079,-2.5,0.1,-2.4,-0.1
tillmxa01,xavier tillman,Xavier Tillman Sr.,2023,MEM,C,24,61,1180,17.3,0.621,0.049,0.291,10.9,16.7,13.8,10.9,2.3,2.2,11.3,13.7,2.3,1.9,4.2,0.171,0.3,1.7,1.9,1.2
vassede01,devin vassell,Devin Vassell,2023,SAS,SG,22,38,1178,15.5,0.55,0.447,0.168,0.7,13.5,6.9,17.3,1.7,1.2,8.2,24.4,0.7,0.5,1.2,0.051,1.3,-0.9,0.4,0.7
sextoco01,collin sexton,Collin Sexton,2023,UTA,PG,24,48,1145,15.9,0.616,0.261,0.425,3.5,6.3,5.0,17.9,1.1,0.4,13.3,23.4,2.0,0.5,2.5,0.105,0.1,-1.5,-1.3,0.2
achiupr01,precious achiuwa,Precious Achiuwa,2023,TOR,C,23,55,1140,15.2,0.554,0.267,0.307,9.3,24.4,16.3,6.3,1.3,2.6,11.4,19.4,0.8,1.4,2.2,0.093,-1.4,-0.8,-2.3,-0.1
adamsst01,steven adams,Steven Adams,2023,MEM,C,29,42,1133,17.5,0.564,0.004,0.49,20.1,25.3,22.7,11.2,1.5,3.7,19.8,14.6,1.3,2.1,3.4,0.144,-0.3,0.9,0.6,0.7
burksal01,alec burks,Alec Burks,2023,DET,SG,31,51,1122,16.5,0.602,0.521,0.41,1.8,14.2,7.8,15.9,1.6,0.6,9.7,22.8,1.9,0.6,2.5,0.109,1.8,-0.5,1.2,0.9
stevela01,lamar stevens,Lamar Stevens,2023,CLE,SF,25,62,1120,9.5,0.524,0.33,0.198,5.0,16.7,10.9,4.0,1.2,1.6,7.9,13.6,0.3,1.6,1.9,0.08,-3.0,0.2,-2.8,-0.2
wagnemo01,moritz wagner,Moritz Wagner,2023,ORL,C,25,57,1109,17.4,0.63,0.412,0.46,7.0,19.4,13.2,11.5,1.6,1.1,12.5,21.1,2.1,1.3,3.4,0.149,0.4,0.2,0.6,0.7
goodwjo01,jordan goodwin,Jordan Goodwin,2023,WAS,PG,24,62,1106,14.8,0.531,0.334,0.195,6.0,14.3,10.3,20.8,2.6,2.0,12.9,17.3,0.9,1.3,2.2,0.097,-0.7,1.4,0.7,0.8
oladivi01,victor oladipo,Victor Oladipo,2023,MIA,SG,30,42,1106,10.6,0.513,0.526,0.196,1.6,12.3,6.8,19.8,2.6,1.1,16.6,21.1,-0.9,1.5,0.6,0.024,-2.9,0.8,-2.1,0.0
simmobe01,ben simmons,Ben Simmons,2023,BRK,PG,26,42,1105,13.4,0.559,0.009,0.243,4.2,22.2,13.4,31.3,2.4,1.9,27.2,14.3,0.5,1.7,2.2,0.097,-2.2,2.6,0.4,0.7
greenje02,jeff green,Jeff Green,2023,DEN,PF,36,56,1091,11.0,0.576,0.317,0.357,4.1,10.9,7.6,8.3,0.8,1.4,10.8,17.0,0.8,0.8,1.7,0.074,-2.4,-1.0,-3.4,-0.4
clarkbr01,brandon clarke,Brandon Clarke,2023,MEM,PF,26,56,1090,20.0,0.682,0.017,0.393,9.0,21.2,15.1,9.5,1.5,3.1,11.8,17.7,2.7,1.8,4.5,0.199,0.8,1.8,2.5,1.3
hylanbo01,bones hyland,Bones Hyland,2023,2TM,PG,22,56,1085,14.9,0.535,0.552,0.179,2.1,11.8,7.1,23.4,1.8,1.2,11.7,28.0,0.3,1.1,1.4,0.062,0.4,-1.2,-0.8,0.3
brissos01,oshae brissett,Oshae Brissett,2023,IND,PF,24,65,1083,10.6,0.52,0.486,0.455,6.4,16.0,11.2,5.4,1.4,1.0,8.2,16.1,0.4,0.7,1.1,0.05,-2.0,-1.2,-3.2,-0.3
bryanth01,thomas bryant,Thomas Bryant,2023,2TM,C,25,59,1081,19.7,0.682,0.16,0.341,8.9,24.6,17.0,4.3,0.7,2.4,8.2,18.2,2.7,1.4,4.1,0.183,1.1,-0.5,0.6,0.7
toppiob01,obi toppin,Obi Toppin,2023,NYK,PF,24,67,1050,13.6,0.565,0.589,0.112,3.0,16.6,9.8,9.2,1.1,1.1,8.0,19.5,1.1,1.0,2.1,0.095,0.3,-0.8,-0.5,0.4
inglejo01,joe ingles,Joe Ingles,2023,MIL,SF,35,46,1044,10.7,0.616,0.819,0.085,1.4,11.1,6.4,18.4,1.5,0.5,17.6,12.6,1.1,1.2,2.3,0.107,-1.6,0.8,-0.7,0.3
johnsja05,jalen johnson,Jalen Johnson,2023,ATL,SF,21,70,1042,14.1,0.554,0.323,0.242,5.3,24.6,14.8,10.4,1.7,2.8,10.3,16.0,0.8,1.3,2.1,0.099,-1.2,1.5,0.3,0.6
jacksis01,isaiah jackson,Isaiah Jackson,2023,IND,C,21,63,1042,17.5,0.595,0.044,0.459,12.1,18.0,15.0,7.0,1.4,7.7,11.8,17.4,1.5,1.2,2.7,0.124,-1.7,0.9,-0.8,0.3
daniedy01,dyson daniels,Dyson Daniels,2023,NOP,PG,19,59,1042,8.8,0.503,0.413,0.192,3.9,16.5,10.2,16.4,2.0,1.0,20.2,11.6,-0.1,1.4,1.3,0.061,-3.4,1.6,-1.8,0.0
gabriwe01,wenyen gabriel,Wenyen Gabriel,2023,LAL,C,25,68,1024,14.4,0.626,0.138,0.323,12.6,17.2,15.0,4.8,1.2,2.9,13.4,14.1,1.5,1.3,2.8,0.132,-2.3,0.1,-2.2,-0.1
riverau01,austin rivers,Austin Rivers,2023,MIN,SG,30,52,1016,7.4,0.564,0.589,0.187,0.6,8.4,4.6,9.3,1.3,0.3,9.2,10.5,0.5,0.8,1.3,0.061,-3.3,0.5,-2.8,-0.2
diallha01,hamidou diallo,Hamidou Diallo,2023,DET,SF,24,56,996,15.7,0.593,0.056,0.395,6.2,15.7,10.8,9.2,2.6,1.4,13.9,21.8,0.4,0.9,1.3,0.063,-1.8,0.4,-1.4,0.1
bartowi01,will barton,Will Barton,2023,2TM,SG,32,56,993,10.0,0.493,0.495,0.129,1.7,13.5,7.7,15.4,1.4,1.1,11.1,18.9,-0.4,0.8,0.4,0.021,-2.0,-0.6,-2.6,-0.2
baglema01,marvin bagley,Marvin Bagley III,2023,DET,C,23,42,990,17.2,0.587,0.173,0.283,10.2,20.2,15.1,5.9,0.9,2.7,9.7,20.4,1.3,0.7,2.0,0.095,0.3,-1.2,-0.9,0.3
reddica01,cam reddish,Cam Reddish,2023,2TM,SF,23,40,990,10.6,0.561,0.462,0.24,2.0,8.1,5.0,8.1,1.9,1.3,12.0,17.1,0.3,0.7,0.9,0.046,-2.6,-0.8,-3.4,-0.4
landajo01,jock landale,Jock Landale,2023,PHO,C,27,69,979,16.4,0.595,0.249,0.312,13.2,18.6,15.8,10.1,0.8,2.7,13.3,19.3,1.5,1.2,2.7,0.132,-0.7,-0.4,-1.1,0.2
littlna01,nassir little,Nassir Little,2023,POR,SF,22,54,976,10.2,0.555,0.521,0.152,3.2,13.5,8.3,7.3,1.0,1.8,10.0,16.0,0.2,0.4,0.7,0.032,-1.6,-1.4,-3.0,-0.3
garubus01,usman garuba,Usman Garuba,2023,HOU,C,20,75,970,12.9,0.569,0.333,0.266,13.4,21.4,17.4,8.8,2.2,2.9,19.2,10.5,0.9,0.9,1.8,0.091,-2.0,0.6,-1.4,0.2
thorjt01,jt thor,JT Thor,2023,CHO,PF,20,69,969,7.0,0.506,0.517,0.197,3.9,13.0,8.4,4.9,1.1,2.1,14.5,13.1,-0.6,0.8,0.2,0.009,-4.3,-0.4,-4.7,-0.7
highsha01,haywood highsmith,Haywood Highsmith,2023,MIA,PF,26,54,969,8.5,0.517,0.505,0.13,6.7,16.4,11.4,6.2,1.9,1.8,16.5,12.5,-0.3,1.3,0.9,0.046,-3.7,0.7,-3.1,-0.3
payneca01,cameron payne,Cameron Payne,2023,PHO,PG,28,48,968,13.2,0.512,0.408,0.141,1.3,11.0,6.1,32.6,1.7,0.7,14.4,24.8,0.0,1.0,1.1,0.053,-0.5,-0.7,-1.2,0.2
nunnke01,kendrick nunn,Kendrick Nunn,2023,2TM,SG,27,70,964,11.1,0.53,0.496,0.091,1.8,10.3,6.2,13.8,1.4,0.6,12.4,23.7,-0.6,0.8,0.2,0.008,-2.0,-1.5,-3.5,-0.4
townska01,karl anthony towns,Karl-Anthony Towns,2023,MIN,PF,27,29,957,18.8,0.618,0.383,0.315,5.7,21.6,13.8,22.0,1.0,1.5,15.0,25.6,1.5,1.1,2.7,0.133,2.1,0.9,3.0,1.2
willizi01,zion williamson,Zion Williamson,2023,NOP,PF,22,29,956,25.2,0.652,0.041,0.529,6.9,17.0,12.0,24.4,1.6,1.6,14.6,30.4,2.3,1.2,3.6,0.18,4.8,1.0,5.8,1.9
knoxke01,kevin knox,Kevin Knox,2023,2TM,SF,23,63,952,11.1,0.579,0.56,0.181,3.9,17.3,10.5,5.2,1.2,1.1,12.2,18.4,0.2,0.5,0.7,0.034,-2.1,-1.4,-3.5,-0.4
thomaca02,cam thomas,Cam Thomas,2023,BRK,SG,21,57,948,14.7,0.567,0.292,0.382,1.0,10.1,5.6,12.7,1.0,0.6,10.6,27.8,0.3,0.7,1.0,0.049,-0.7,-2.0,-2.7,-0.2
muscami01,mike muscala,Mike Muscala,2023,2TM,C,31,63,945,13.0,0.608,0.709,0.178,4.2,19.1,11.6,7.1,0.8,2.3,6.8,15.1,1.4,1.1,2.5,0.128,-0.3,-0.1,-0.4,0.4
klebima01,maxi kleber,Maxi Kleber,2023,DAL,PF,31,37,930,8.7,0.592,0.663,0.225,3.7,13.3,8.4,7.5,0.6,2.9,12.7,10.3,0.7,0.6,1.3,0.067,-2.2,0.0,-2.2,0.0
watanyu01,yuta watanabe,Yuta Watanabe,2023,BRK,SF,28,58,928,12.1,0.637,0.582,0.203,3.7,13.1,8.5,7.0,1.3,1.6,8.0,13.1,1.3,0.9,2.1,0.111,-0.4,-0.2,-0.6,0.3
wainris01,ish wainright,Ish Wainright,2023,PHO,SF,28,60,915,9.2,0.522,0.762,0.137,5.3,11.6,8.4,7.4,2.0,2.2,8.4,12.2,0.5,1.2,1.7,0.089,-2.7,1.5,-1.2,0.2
nixda01,daishen nix,Daishen Nix,2023,HOU,PG,20,57,914,5.3,0.447,0.591,0.152,2.1,9.7,5.9,19.2,1.6,0.7,25.4,15.4,-1.5,0.3,-1.2,-0.062,-5.0,-1.5,-6.5,-1.0
willija07,jaylin williams,Jaylin Williams,2023,OKC,C,20,49,914,11.2,0.559,0.483,0.231,5.1,23.6,14.1,10.7,1.5,1.2,12.6,13.5,0.7,1.2,1.9,0.099,-2.3,0.6,-1.7,0.1
duartch01,chris duarte,Chris Duarte,2023,IND,SF,25,46,897,8.6,0.496,0.523,0.216,2.4,11.9,7.1,9.7,1.3,0.9,10.1,19.0,-0.5,0.4,0.0,-0.003,-2.9,-1.6,-4.5,-0.6
jonesde02,derrick jones,Derrick Jones Jr.,2023,CHI,PF,25,64,893,13.8,0.597,0.348,0.365,7.7,11.6,9.7,5.1,1.6,4.0,8.6,14.5,1.2,1.2,2.4,0.131,-1.2,0.8,-0.4,0.3
wadede01,dean wade,Dean Wade,2023,CLE,PF,26,44,891,8.5,0.55,0.718,0.13,2.6,17.2,9.9,5.4,1.6,2.2,8.3,10.2,0.4,1.4,1.8,0.097,-2.9,2.1,-0.7,0.3
cancavl01,vlatko cancar,Vlatko Čančar,2023,DEN,PF,25,60,889,11.0,0.606,0.507,0.181,3.2,13.1,8.3,11.5,1.2,1.4,13.1,13.8,0.9,0.8,1.7,0.093,-1.7,-0.1,-1.8,0.0
alexani01,nickeil alexander walker,Nickeil Alexander-Walker,2023,2TM,SG,24,59,884,11.6,0.565,0.539,0.203,1.9,10.5,6.3,16.7,1.7,2.0,14.6,17.9,0.3,0.8,1.1,0.062,-1.4,0.4,-0.9,0.2
biyombi01,bismack biyombo,Bismack Biyombo,2023,PHO,C,30,61,874,14.4,0.555,0.0,0.34,11.0,22.1,16.5,8.7,1.0,9.0,17.7,14.0,0.2,1.6,1.9,0.102,-3.4,2.5,-0.9,0.2
dragigo01,goran dragic,Goran Dragić,2023,2TM,PG,36,58,870,10.3,0.514,0.433,0.134,2.1,8.2,5.2,24.3,0.7,0.4,15.1,21.1,-0.3,0.7,0.4,0.025,-2.1,-1.8,-3.9,-0.4
wisemja01,james wiseman,James Wiseman,2023,2TM,C,21,45,867,15.6,0.589,0.059,0.286,9.2,25.2,17.0,5.5,0.4,2.7,11.8,21.2,0.7,0.7,1.4,0.077,-2.1,-1.4,-3.5,-0.3
maledth01,theo maledon,Théo Maledon,2023,CHO,PG,21,44,854,11.6,0.515,0.374,0.291,1.7,13.9,7.7,24.2,2.1,1.2,17.1,17.0,0.0,0.9,0.8,0.047,-3.0,0.5,-2.5,-0.1
drumman01,andre drummond,Andre Drummond,2023,CHI,C,29,67,849,20.8,0.606,0.011,0.456,18.7,40.2,29.6,5.7,2.6,3.1,18.6,21.0,0.8,2.0,2.8,0.159,-1.2,0.5,-0.8,0.3
holidaa01,aaron holiday,Aaron Holiday,2023,ATL,PG,26,63,845,9.4,0.528,0.4,0.145,3.2,6.4,4.8,13.0,2.1,1.2,13.3,13.4,0.3,0.6,0.9,0.053,-2.9,0.9,-2.0,0.0
langfro01,romeo langford,Romeo Langford,2023,SAS,SG,23,43,844,10.4,0.524,0.236,0.216,7.1,7.7,7.4,7.9,1.3,1.3,9.6,15.4,0.3,0.2,0.5,0.029,-2.6,-1.5,-4.2,-0.5
daviste02,terence davis,Terence Davis,2023,SAC,SG,25,64,841,12.9,0.563,0.668,0.118,2.7,16.1,9.4,11.1,2.4,1.2,12.2,22.2,0.0,0.9,0.9,0.054,-1.3,-0.3,-1.5,0.1
hillge01,george hill,George Hill,2023,2TM,SG,36,46,834,10.6,0.61,0.572,0.331,2.0,8.6,5.4,16.7,1.5,0.6,15.2,11.3,1.1,0.8,1.9,0.107,-2.4,0.9,-1.5,0.1
willima07,mark williams,Mark Williams,2023,CHO,C,21,43,828,19.8,0.659,0.0,0.386,11.7,27.7,19.6,3.3,1.6,4.7,12.0,17.0,1.5,1.3,2.8,0.163,-0.5,0.6,0.1,0.4
williro04,robert williams,Robert Williams,2023,BOS,C,25,35,824,19.8,0.742,0.006,0.241,14.0,24.5,19.3,8.5,1.3,5.0,15.3,11.8,2.3,1.6,3.8,0.224,1.0,2.4,3.3,1.1
matthwe02,wesley matthews,Wesley Matthews,2023,MIL,SF,36,52,820,7.0,0.519,0.775,0.175,4.5,9.7,7.2,5.1,1.2,1.3,9.5,9.8,0.3,0.9,1.2,0.073,-3.4,0.8,-2.7,-0.1
moodymo01,moses moody,Moses Moody,2023,GSW,SG,20,63,817,10.3,0.603,0.595,0.233,3.8,10.2,7.1,8.2,1.0,0.8,12.0,14.6,0.7,0.6,1.3,0.076,-1.7,-0.9,-2.6,-0.1
gayru01,rudy gay,Rudy Gay,2023,UTA,PF,36,56,816,9.0,0.475,0.453,0.171,4.4,17.0,10.8,9.4,1.1,1.9,10.7,17.7,-0.4,0.7,0.3,0.018,-3.6,-0.4,-4.0,-0.4
jeromty01,ty jerome,Ty Jerome,2023,GSW,SG,25,45,816,12.8,0.594,0.372,0.169,1.0,9.4,5.3,22.1,1.3,0.5,10.3,14.9,1.4,0.7,2.1,0.124,-1.1,0.3,-0.8,0.3
robinje02,jeremiah robinson earl,Jeremiah Robinson-Earl,2023,OKC,PF,22,43,814,13.0,0.548,0.448,0.169,9.2,14.7,11.9,7.0,1.4,1.2,6.7,14.6,1.1,0.8,1.9,0.111,-0.8,-0.7,-1.5,0.1
simsje01,jericho sims,Jericho Sims,2023,NYK,C,24,52,812,13.8,0.78,0.009,0.15,13.3,19.4,16.4,4.0,0.9,3.2,19.1,7.4,1.6,0.9,2.6,0.153,-1.0,0.5,-0.5,0.3
houstca01,caleb houstan,Caleb Houstan,2023,ORL,SF,20,51,812,6.2,0.508,0.747,0.099,4.7,9.1,6.9,4.9,0.7,0.8,8.7,11.0,0.1,0.5,0.7,0.039,-3.1,-0.9,-4.0,-0.4
houseda01,danuel house,Danuel House Jr.,2023,PHI,SF,29,56,807,9.4,0.6,0.558,0.305,1.3,12.2,6.9,7.5,0.9,1.0,10.4,13.8,0.6,0.7,1.3,0.075,-2.5,-0.5,-3.0,-0.2
shamela01,landry shamet,Landry Shamet,2023,PHO,SG,25,40,807,10.9,0.537,0.663,0.17,1.5,7.9,4.6,15.7,1.6,0.6,10.0,18.9,0.5,0.7,1.2,0.071,-1.1,-0.3,-1.4,0.1
saricda01,dario saric,Dario Šarić,2023,2TM,C,28,57,806,13.5,0.583,0.415,0.274,7.1,21.4,14.1,12.7,1.2,0.8,15.1,19.2,0.7,1.0,1.7,0.099,-1.5,0.1,-1.4,0.1
kornelu01,luke kornet,Luke Kornet,2023,BOS,C,27,69,804,16.7,0.697,0.076,0.229,11.9,14.8,13.4,9.1,0.7,4.9,11.8,11.5,2.1,1.2,3.3,0.198,-0.4,1.3,1.0,0.6
kolokch01,christian koloko,Christian Koloko,2023,TOR,C,22,58,802,11.4,0.517,0.08,0.393,11.1,13.3,12.1,5.0,1.3,6.9,10.2,10.4,0.7,1.0,1.7,0.104,-4.3,0.8,-3.5,-0.3
middlkh01,khris middleton,Khris Middleton,2023,MIL,SF,31,33,801,17.4,0.551,0.399,0.251,3.8,14.0,9.1,30.7,1.4,0.5,13.6,27.4,1.0,1.0,1.9,0.117,1.0,-0.3,0.8,0.6
greenja01,jamychal green,JaMychal Green,2023,GSW,PF,32,57,797,15.5,0.65,0.44,0.266,10.1,18.0,14.1,8.9,1.5,2.5,15.6,17.5,1.2,1.0,2.2,0.133,-0.7,0.2,-0.5,0.3
youngth01,thaddeus young,Thaddeus Young,2023,TOR,PF,34,54,795,14.1,0.573,0.172,0.131,9.4,14.6,11.8,12.9,3.4,0.6,16.7,13.5,0.7,1.1,1.8,0.109,-1.8,1.9,0.1,0.4
mcgowbr01,bryce mcgowens,Bryce McGowens,2023,CHO,SG,20,46,787,7.2,0.519,0.396,0.396,2.7,10.1,6.3,9.1,0.9,0.7,15.3,15.0,-0.4,0.4,0.1,0.005,-4.6,-1.4,-6.0,-0.8
chrisjo01,josh christopher,Josh Christopher,2023,HOU,SG,21,64,786,11.5,0.523,0.271,0.182,2.8,7.2,5.0,14.3,2.0,1.9,14.4,21.9,-0.3,0.3,0.0,-0.001,-3.0,-1.4,-4.3,-0.5
covinro01,robert covington,Robert Covington,2023,LAC,PF,32,48,779,14.2,0.584,0.594,0.175,4.5,19.2,11.9,10.2,2.4,3.7,11.5,15.6,0.7,1.2,1.9,0.117,-0.5,2.1,1.7,0.7
winslju01,justise winslow,Justise Winslow,2023,POR,PF,26,29,776,9.3,0.466,0.227,0.141,7.2,14.3,10.7,17.2,1.9,1.3,17.0,14.2,-0.1,0.5,0.4,0.022,-3.4,0.6,-2.8,-0.2
bambamo01,mo bamba,Mo Bamba,2023,2TM,C,24,49,769,15.7,0.602,0.515,0.257,8.5,24.2,16.4,8.7,0.8,5.3,10.1,16.6,1.1,1.1,2.2,0.139,-0.2,0.7,0.5,0.5
fontesi01,simone fontecchio,Simone Fontecchio,2023,UTA,SF,27,52,766,8.0,0.495,0.612,0.141,4.4,7.7,6.1,7.5,0.9,0.9,10.5,20.2,-0.4,0.3,-0.1,-0.004,-3.0,-2.1,-5.2,-0.6
mcbrimi01,miles mcbride,Miles McBride,2023,NYK,PG,22,64,760,8.4,0.475,0.623,0.195,1.9,5.4,3.6,12.4,2.4,1.0,9.7,14.6,0.0,0.7,0.7,0.047,-3.6,1.4,-2.3,-0.1
reedpa01,paul reed,Paul Reed,2023,PHI,C,23,69,755,19.2,0.62,0.029,0.244,17.8,23.1,20.5,5.3,3.0,6.3,16.3,16.4,1.2,1.6,2.8,0.18,-1.6,1.5,-0.1,0.4
walljo01,john wall,John Wall,2023,LAC,PG,32,34,755,13.6,0.498,0.322,0.334,2.1,11.4,6.8,35.3,1.8,1.4,17.1,27.0,-0.4,0.7,0.3,0.02,-0.8,-0.4,-1.2,0.1
hamptrj01,rj hampton,R.J. Hampton,2023,2TM,SG,21,47,750,10.8,0.558,0.489,0.321,2.6,10.5,6.5,10.4,1.7,1.1,13.4,17.8,0.1,0.5,0.7,0.042,-2.3,-0.6,-2.9,-0.2
sumneed01,edmond sumner,Edmond Sumner,2023,BRK,SG,27,53,736,14.0,0.597,0.323,0.401,2.0,9.9,6.0,13.3,2.1,1.2,13.6,22.1,0.6,0.7,1.3,0.086,-2.4,-0.2,-2.6,-0.1
nnajize01,zeke nnaji,Zeke Nnaji,2023,DEN,PF,22,53,728,12.5,0.62,0.332,0.316,10.5,11.2,10.9,3.3,1.1,2.8,12.2,15.2,0.9,0.7,1.6,0.106,-2.7,-0.9,-3.7,-0.3
hardyja02,jaden hardy,Jaden Hardy,2023,DAL,SG,20,48,708,14.6,0.571,0.468,0.237,1.8,13.0,7.3,14.9,1.2,0.9,11.1,26.4,0.2,0.5,0.7,0.048,-0.4,-1.9,-2.3,0.0
holidju01,justin holiday,Justin Holiday,2023,2TM,SF,33,46,706,6.6,0.494,0.701,0.039,0.8,8.1,4.4,7.5,1.3,2.3,9.6,14.1,-0.4,0.5,0.1,0.008,-3.7,-0.1,-3.9,-0.3
beaucma01,marjon beauchamp,MarJon Beauchamp,2023,MIL,SF,22,52,701,8.2,0.513,0.584,0.152,5.9,11.0,8.5,6.7,1.4,0.8,14.8,18.3,-0.4,0.8,0.4,0.027,-4.1,-0.6,-4.8,-0.5
pokusal01,aleksej pokusevski,Aleksej Pokusevski,2023,OKC,PF,21,34,701,13.4,0.522,0.418,0.141,6.8,17.8,12.2,12.4,1.4,5.7,14.0,18.3,0.0,1.0,1.0,0.066,-1.0,1.0,0.0,0.3
toscaju01,juan toscano anderson,Juan Toscano-Anderson,2023,2TM,SF,29,52,700,7.2,0.505,0.301,0.168,4.4,14.4,9.5,11.8,1.1,1.2,18.1,11.3,-0.1,0.6,0.5,0.038,-4.6,0.8,-3.8,-0.3
flynnma01,malachi flynn,Malachi Flynn,2023,TOR,PG,24,53,691,8.7,0.479,0.55,0.136,2.3,10.8,6.2,13.7,1.5,0.6,8.9,17.4,0.0,0.5,0.5,0.034,-3.3,-0.8,-4.1,-0.4
robindu01,duncan robinson,Duncan Robinson,2023,MIA,SF,28,42,691,7.8,0.534,0.81,0.135,1.3,10.7,5.9,9.7,1.0,0.0,10.0,17.9,-0.1,0.6,0.5,0.035,-3.5,-1.5,-5.0,-0.5
metuch01,chimezie metu,Chimezie Metu,2023,SAC,PF,25,66,689,17.3,0.639,0.174,0.333,7.8,24.9,16.4,8.1,1.5,2.7,11.3,17.6,1.2,0.8,2.1,0.143,-0.3,0.2,-0.1,0.3
warretj01,tj warren,T.J. Warren,2023,2TM,PF,29,42,687,13.5,0.55,0.248,0.13,4.2,15.4,9.8,8.7,1.6,1.5,6.5,19.5,0.4,0.8,1.2,0.081,-1.7,-0.2,-2.0,0.0
mathega01,garrison mathews,Garrison Mathews,2023,2TM,SG,26,54,686,9.7,0.573,0.896,0.264,1.7,10.0,5.8,5.1,1.7,0.7,7.8,14.7,0.7,0.3,1.0,0.067,-2.0,-0.4,-2.4,-0.1
harremo01,montrezl harrell,Montrezl Harrell,2023,PHI,C,29,57,681,17.6,0.631,0.029,0.483,11.8,15.7,13.8,7.4,1.2,3.4,12.1,18.9,1.3,0.8,2.2,0.153,-0.9,-0.4,-1.3,0.1
mclaujo01,jordan mclaughlin,Jordan McLaughlin,2023,MIN,PG,26,43,678,11.8,0.526,0.538,0.124,2.5,7.6,5.1,27.4,2.2,0.5,17.7,11.7,0.7,0.6,1.3,0.094,-1.3,0.6,-0.7,0.2
tateja01,jaesean tate,Jae'Sean Tate,2023,HOU,SF,27,31,677,12.2,0.546,0.201,0.301,6.6,12.6,9.6,18.2,1.5,1.0,15.3,18.8,0.4,0.3,0.7,0.049,-2.8,-0.7,-3.5,-0.3
weslebl01,blake wesley,Blake Wesley,2023,SAS,SG,19,37,669,3.5,0.393,0.242,0.205,1.9,11.7,6.6,18.6,1.8,0.6,21.7,18.5,-1.9,0.3,-1.6,-0.114,-7.9,-1.8,-9.6,-1.3
mamuksa01,sandro mamukelashvili,Sandro Mamukelashvili,2023,2TM,C,23,43,660,13.4,0.516,0.43,0.248,11.2,19.0,15.1,12.8,1.0,1.5,12.1,18.2,0.4,0.5,0.9,0.063,-1.1,-1.3,-2.4,-0.1
omorueu01,eugene omoruyi,Eugene Omoruyi,2023,2TM,SF,25,40,645,10.9,0.533,0.39,0.329,7.1,11.8,9.4,6.3,2.1,0.4,11.5,19.3,0.1,0.5,0.6,0.042,-3.5,-0.9,-4.4,-0.4
pritcpa01,payton pritchard,Payton Pritchard,2023,BOS,PG,25,48,643,10.3,0.536,0.629,0.065,4.3,10.5,7.5,14.0,1.1,0.1,13.7,19.8,-0.1,0.7,0.6,0.045,-2.1,-1.2,-3.4,-0.2
coffeam01,amir coffey,Amir Coffey,2023,LAC,SF,25,50,625,7.0,0.498,0.276,0.434,3.1,6.4,4.7,11.2,0.5,0.7,10.8,13.5,0.1,0.3,0.4,0.033,-4.3,-0.7,-5.0,-0.5
gillan01,anthony gill,Anthony Gill,2023,WAS,PF,30,59,624,11.1,0.604,0.22,0.508,6.9,10.6,8.8,7.2,0.5,1.6,8.5,12.3,1.0,0.4,1.3,0.101,-2.4,-0.9,-3.3,-0.2
walkeja01,jabari walker,Jabari Walker,2023,POR,PF,20,56,619,9.6,0.496,0.283,0.227,8.8,15.5,12.2,7.8,0.8,1.9,11.8,17.3,-0.1,0.3,0.2,0.015,-3.9,-2.1,-6.1,-0.6
bazleda01,darius bazley,Darius Bazley,2023,2TM,C,22,43,616,13.1,0.524,0.29,0.383,5.8,18.5,12.1,8.3,1.7,5.1,11.2,16.4,0.1,0.9,1.0,0.078,-2.0,1.0,-1.0,0.2
hernaju01,juancho hernangomez,Juancho Hernangómez,2023,TOR,PF,27,42,614,7.6,0.504,0.588,0.14,4.6,19.1,11.3,5.2,1.3,0.9,11.0,9.4,0.1,0.6,0.7,0.053,-3.5,0.2,-3.3,-0.2
hayesja02,jaxson hayes,Jaxson Hayes,2023,NOP,C,22,47,610,13.7,0.605,0.186,0.532,7.3,17.3,12.3,7.7,1.6,3.0,13.9,15.7,0.6,0.9,1.5,0.118,-2.2,1.0,-1.2,0.1
ntilila01,frank ntilikina,Frank Ntilikina,2023,DAL,SG,24,47,607,5.2,0.461,0.508,0.25,1.3,10.7,5.9,12.8,1.3,1.0,16.5,13.1,-0.5,0.4,-0.1,-0.01,-6.1,-0.7,-6.7,-0.7
jordade01,deandre jordan,DeAndre Jordan,2023,DEN,C,34,39,586,14.7,0.731,0.009,0.417,10.5,28.6,19.8,7.7,1.0,3.5,26.1,13.7,0.5,0.9,1.4,0.112,-2.4,0.7,-1.8,0.0
griffbl01,blake griffin,Blake Griffin,2023,BOS,C,33,41,569,13.1,0.59,0.508,0.246,9.2,20.4,14.9,14.2,1.2,1.4,13.2,12.7,1.0,0.8,1.8,0.153,-1.4,1.5,0.1,0.3
diengou01,ousmane dieng,Ousmane Dieng,2023,OKC,PF,19,39,569,9.3,0.505,0.541,0.127,3.5,16.5,9.9,10.7,1.2,1.1,12.0,15.9,-0.1,0.6,0.4,0.038,-3.1,-0.5,-3.6,-0.2
dunnkr01,kris dunn,Kris Dunn,2023,UTA,PG,28,22,568,19.1,0.606,0.167,0.245,1.7,17.1,9.5,32.3,2.1,1.5,12.8,20.2,1.3,0.6,1.9,0.162,0.7,1.7,2.4,0.6
millspa02,patty mills,Patty Mills,2023,BRK,PG,34,40,567,10.6,0.554,0.641,0.144,1.6,7.0,4.4,13.9,1.3,0.5,11.9,19.7,0.0,0.4,0.4,0.035,-1.4,-1.7,-3.1,-0.2
rubiori01,ricky rubio,Ricky Rubio,2023,CLE,PG,32,33,566,10.4,0.442,0.461,0.197,1.9,12.7,7.3,27.1,2.3,1.0,13.8,17.7,-0.2,0.9,0.7,0.062,-3.8,1.1,-2.8,-0.1
willizi02,ziaire williams,Ziaire Williams,2023,MEM,SF,21,37,561,7.4,0.511,0.495,0.112,3.0,11.9,7.5,8.2,1.2,1.0,15.2,18.0,-0.5,0.6,0.1,0.011,-4.7,-0.8,-5.6,-0.5
sharpda01,dayron sharpe,Day'Ron Sharpe,2023,BRK,C,21,48,552,17.8,0.581,0.064,0.322,20.6,20.1,20.4,9.7,1.3,5.0,17.7,19.0,0.8,0.8,1.6,0.139,-1.8,-0.6,-2.3,0.0
joneska01,kai jones,Kai Jones,2023,CHO,C,22,46,550,10.8,0.597,0.158,0.217,7.0,17.0,11.9,3.7,1.5,4.7,19.1,12.4,0.0,0.7,0.7,0.062,-4.8,0.8,-4.0,-0.3
waterli01,lindy waters,Lindy Waters III,2023,OKC,SG,25,41,531,11.8,0.573,0.91,0.112,3.2,12.2,7.6,7.0,1.3,1.9,5.1,15.5,0.6,0.5,1.1,0.101,0.5,-0.4,0.1,0.3
mcgruro01,rodney mcgruder,Rodney McGruder,2023,DET,SG,31,32,524,10.7,0.566,0.638,0.145,4.1,11.8,7.8,7.6,1.5,0.2,6.4,14.0,0.5,0.2,0.7,0.068,-0.8,-0.7,-1.5,0.1
okekech01,chuma okeke,Chuma Okeke,2023,ORL,SF,24,27,518,9.1,0.488,0.705,0.172,5.7,15.3,10.5,9.4,1.8,2.1,11.5,12.3,0.0,0.6,0.7,0.061,-2.4,0.8,-1.6,0.1
bouknja01,james bouknight,James Bouknight,2023,CHO,SG,22,34,515,6.2,0.463,0.565,0.155,1.6,13.5,7.5,11.1,1.3,0.8,13.4,19.5,-0.8,0.4,-0.4,-0.04,-5.4,-1.1,-6.5,-0.6
chrisma02,max christie,Max Christie,2023,LAL,SG,19,41,512,7.4,0.566,0.585,0.151,1.5,13.8,7.8,5.1,0.8,1.2,10.3,10.4,0.1,0.5,0.6,0.058,-3.2,0.0,-3.1,-0.1
bassech01,charles bassey,Charles Bassey,2023,SAS,C,22,35,508,18.8,0.658,0.059,0.274,15.5,26.4,20.7,13.2,1.5,5.4,21.3,15.6,0.8,0.6,1.3,0.123,-0.6,1.3,0.7,0.3
netora01,raul neto,Raul Neto,2023,CLE,PG,30,48,505,12.6,0.628,0.382,0.309,2.3,8.4,5.4,21.0,1.7,0.7,16.1,13.2,0.8,0.6,1.5,0.142,-1.7,1.5,-0.2,0.2
bertada01,davis bertans,Dāvis Bertāns,2023,DAL,PF,30,45,492,11.9,0.618,0.881,0.094,2.3,10.3,6.3,6.2,1.1,1.5,5.7,16.2,0.6,0.3,0.9,0.09,0.0,-1.3,-1.2,0.1
gibsota01,taj gibson,Taj Gibson,2023,WAS,C,37,49,480,11.4,0.585,0.192,0.336,7.7,13.6,10.8,9.6,1.5,2.1,15.3,15.3,0.4,0.5,0.8,0.082,-3.6,0.5,-3.2,-0.1
greenja02,javonte green,Javonte Green,2023,CHI,SF,29,32,480,14.5,0.646,0.324,0.417,6.5,14.2,10.4,6.4,2.4,4.2,13.5,13.6,0.6,0.8,1.4,0.142,-1.1,2.5,1.4,0.4
jonesda03,damian jones,Damian Jones,2023,2TM,C,27,41,477,12.9,0.719,0.198,0.337,9.7,17.7,13.8,4.1,0.8,3.7,18.9,10.7,0.7,0.5,1.2,0.119,-2.0,0.3,-1.7,0.0
robyis01,isaiah roby,Isaiah Roby,2023,SAS,PF,24,42,474,9.3,0.497,0.387,0.265,4.7,20.6,12.3,10.7,1.8,1.2,15.2,17.8,-0.4,0.3,-0.1,-0.011,-4.0,-0.6,-4.6,-0.3
johnsst04,stanley johnson,Stanley Johnson,2023,SAS,SF,26,30,469,13.5,0.625,0.328,0.32,4.9,17.7,11.1,19.0,1.6,1.1,19.2,15.2,0.5,0.3,0.7,0.076,-0.8,-0.2,-1.0,0.1
mykhasv01,svi mykhailiuk,Svi Mykhailiuk,2023,2TM,SF,25,32,468,14.0,0.584,0.572,0.225,3.4,8.9,6.1,16.5,1.5,0.7,11.2,19.3,0.5,0.3,0.8,0.081,0.5,-0.7,-0.1,0.2
fournev01,evan fournier,Evan Fournier,2023,NYK,SG,30,27,459,6.9,0.471,0.687,0.127,1.0,10.8,5.9,10.6,1.7,0.6,11.2,18.4,-0.3,0.4,0.1,0.01,-4.0,0.0,-4.0,-0.2
hernawi01,willy hernangomez,Willy Hernangómez,2023,NOP,C,28,38,458,20.7,0.61,0.065,0.615,14.4,30.1,22.3,10.7,1.8,2.7,15.4,23.8,0.8,0.8,1.6,0.171,-0.2,0.5,0.3,0.3
harrike01,kevon harris,Kevon Harris,2023,ORL,SG,25,34,457,9.2,0.564,0.402,0.383,6.9,10.4,8.7,4.7,1.8,1.1,14.4,13.7,0.2,0.4,0.6,0.065,-3.5,-0.1,-3.6,-0.2
bitadgo01,goga bitadze,Goga Bitadze,2023,2TM,C,23,38,457,17.1,0.582,0.208,0.336,15.0,18.7,16.8,12.1,1.7,5.3,13.3,15.4,0.8,0.6,1.3,0.141,-0.8,1.1,0.3,0.3
schofad01,admiral schofield,Admiral Schofield,2023,ORL,PF,25,37,451,10.1,0.587,0.607,0.189,5.8,9.8,7.8,9.6,0.9,1.1,10.8,14.1,0.5,0.3,0.8,0.089,-2.2,-0.7,-2.9,-0.1
washity02,tyty washington,TyTy Washington Jr.,2023,HOU,PG,21,31,433,7.5,0.432,0.5,0.113,0.5,11.0,5.7,15.3,1.7,0.5,7.7,17.4,-0.3,0.1,-0.1,-0.016,-5.0,-1.3,-6.3,-0.5
dedmode01,dewayne dedmon,Dewayne Dedmon,2023,2TM,C,33,38,426,15.5,0.577,0.258,0.325,9.1,28.3,18.5,9.5,1.1,4.4,12.7,20.6,0.3,0.7,1.0,0.115,-2.6,1.0,-1.6,0.0
robinor01,orlando robinson,Orlando Robinson,2023,MIA,C,22,31,425,13.4,0.565,0.067,0.348,12.8,22.3,17.4,8.4,1.4,2.9,13.5,12.4,0.5,0.6,1.1,0.129,-2.7,0.7,-2.1,0.0
davisjo06,johnny davis,Johnny Davis,2023,WAS,SG,20,28,423,7.2,0.446,0.409,0.158,2.7,13.9,8.5,9.2,1.2,1.6,8.5,20.5,-0.6,0.3,-0.3,-0.033,-5.8,-1.7,-7.4,-0.6
johnske07,keon johnson,Keon Johnson,2023,POR,SG,20,40,416,9.0,0.482,0.455,0.23,3.0,9.2,6.1,20.9,2.2,1.3,18.0,25.0,-0.7,0.2,-0.5,-0.057,-3.8,-1.6,-5.4,-0.4
laravja01,jake laravia,Jake LaRavia,2023,MEM,PF,21,35,414,6.7,0.531,0.747,0.095,4.9,11.3,8.1,6.2,1.4,0.9,15.4,11.7,0.0,0.5,0.5,0.054,-3.9,0.4,-3.5,-0.2
barlodo01,dominick barlow,Dominick Barlow,2023,SAS,PF,19,28,408,12.4,0.567,0.047,0.291,11.9,15.6,13.7,7.6,1.2,3.8,13.4,11.3,0.5,0.2,0.7,0.082,-3.7,-0.9,-4.6,-0.3
fernabr01,bruno fernando,Bruno Fernando,2023,2TM,C,24,39,405,16.6,0.571,0.036,0.446,14.5,22.8,18.6,10.8,0.7,8.1,15.7,16.3,0.5,0.4,0.9,0.109,-2.8,0.7,-2.0,0.0
cunnica01,cade cunningham,Cade Cunningham,2023,DET,PG,21,12,400,14.0,0.492,0.272,0.192,3.2,17.7,10.3,30.7,1.2,1.5,13.8,30.0,-0.4,0.2,-0.1,-0.018,-0.1,-0.6,-0.7,0.1
smithis01,ish smith,Ish Smith,2023,DEN,PG,34,43,398,6.5,0.407,0.092,0.031,1.5,13.8,7.8,32.5,1.0,1.6,24.9,19.3,-0.8,0.4,-0.5,-0.056,-5.5,-1.1,-6.6,-0.5
washidu02,duane washington,Duane Washington Jr.,2023,PHO,SG,22,31,394,9.3,0.458,0.434,0.094,0.6,9.8,5.1,25.2,0.7,0.9,11.3,32.5,-0.8,0.3,-0.5,-0.065,-1.8,-2.8,-4.6,-0.3
edwarke02,kessler edwards,Kessler Edwards,2023,2TM,SF,22,36,385,8.4,0.502,0.591,0.161,6.9,11.1,9.0,7.5,1.7,1.4,11.5,12.7,0.1,0.3,0.4,0.048,-3.2,-0.7,-3.9,-0.2
leesa01,saben lee,Saben Lee,2023,2TM,PG,23,25,373,13.1,0.517,0.248,0.471,3.8,9.7,6.7,24.3,2.5,0.2,14.1,19.5,0.2,0.4,0.7,0.088,-2.7,0.9,-1.8,0.0
paytoga02,gary payton,Gary Payton II,2023,2TM,SG,30,22,367,13.3,0.701,0.377,0.101,7.4,13.9,10.6,11.0,2.9,1.2,18.2,10.3,0.6,0.4,1.0,0.125,-1.2,1.5,0.3,0.2
azubuud01,udoka azubuike,Udoka Azubuike,2023,UTA,C,23,36,359,16.1,0.774,0.0,0.278,9.5,26.1,17.9,4.3,0.8,3.5,18.2,11.5,0.6,0.4,1.0,0.134,-1.2,0.5,-0.6,0.1
dienggo01,gorgui dieng,Gorgui Dieng,2023,SAS,C,33,31,358,9.9,0.493,0.641,0.111,7.9,25.4,16.3,19.4,0.5,3.2,20.7,17.9,-0.2,0.2,0.0,0.001,-4.0,0.1,-3.9,-0.2
mcgeeja01,javale mcgee,JaVale McGee,2023,DAL,C,35,42,355,17.2,0.65,0.04,0.328,9.7,25.5,17.5,5.2,0.6,6.5,20.1,22.8,0.1,0.5,0.6,0.076,-3.6,-0.1,-3.7,-0.1
morrima02,markieff morris,Markieff Morris,2023,2TM,PF,33,35,355,10.4,0.553,0.617,0.087,4.2,18.2,11.3,12.2,1.2,1.2,13.1,17.2,0.1,0.4,0.4,0.059,-2.3,-0.4,-2.7,-0.1
korkmfu01,furkan korkmaz,Furkan Korkmaz,2023,PHI,SG,25,37,353,9.3,0.552,0.414,0.324,2.0,11.8,7.0,8.8,1.4,0.8,15.9,19.1,-0.2,0.3,0.1,0.019,-3.3,-1.0,-4.4,-0.2
holmeri01,richaun holmes,Richaun Holmes,2023,SAC,C,29,42,348,12.9,0.668,0.09,0.213,9.6,16.6,13.1,3.5,0.4,2.8,12.6,13.7,0.6,0.3,0.8,0.113,-2.0,-0.9,-2.9,-0.1
greenaj01,aj green,A.J. Green,2023,MIL,SG,23,35,345,11.5,0.607,0.84,0.032,1.9,11.3,6.8,8.7,0.8,0.0,6.6,16.6,0.5,0.3,0.8,0.111,-0.3,-0.6,-0.9,0.1
reedda01,davon reed,Davon Reed,2023,2TM,SG,27,43,342,6.2,0.471,0.548,0.286,3.4,16.0,9.9,8.2,2.1,1.0,17.5,14.5,-0.4,0.4,0.1,0.008,-5.4,0.0,-5.3,-0.3
crowdja01,jae crowder,Jae Crowder,2023,MIL,PF,32,18,340,14.6,0.624,0.585,0.128,5.4,15.3,10.6,10.6,1.7,1.4,6.6,13.2,0.7,0.5,1.2,0.165,0.1,1.1,1.2,0.3
rosede01,derrick rose,Derrick Rose,2023,NYK,PG,34,27,338,10.1,0.463,0.396,0.075,2.6,10.4,6.5,19.9,1.0,1.4,11.8,23.6,-0.3,0.3,0.0,-0.001,-2.2,-1.5,-3.7,-0.1
wrighmc01,mckinley wright,McKinley Wright IV,2023,DAL,PG,24,27,335,12.4,0.536,0.286,0.194,3.1,13.4,8.2,25.2,1.2,1.3,15.2,16.9,0.2,0.2,0.5,0.069,-1.9,-0.8,-2.7,-0.1
pinsoth01,theo pinson,Theo Pinson,2023,DAL,SG,27,40,323,10.1,0.512,0.713,0.149,3.6,19.3,11.4,19.6,0.9,0.3,11.5,14.7,0.2,0.2,0.5,0.071,-2.5,-0.9,-3.4,-0.1
champju02,julian champagnie,Julian Champagnie,2023,2TM,SF,21,17,320,13.4,0.6,0.631,0.131,3.3,17.7,10.2,4.5,0.9,1.3,7.4,19.2,0.3,0.1,0.4,0.061,-0.6,-2.7,-3.3,-0.1
ryanma01,matt ryan,Matt Ryan,2023,2TM,SF,25,34,310,8.1,0.538,0.778,0.111,1.4,7.6,4.6,6.9,0.8,0.3,5.8,16.5,0.1,0.2,0.3,0.044,-1.9,-1.5,-3.4,-0.1
lopezro01,robin lopez,Robin Lopez,2023,CLE,C,34,37,299,11.6,0.675,0.053,0.24,9.1,11.0,10.0,9.1,0.3,2.5,23.2,16.1,0.2,0.3,0.6,0.094,-3.4,0.3,-3.0,-0.1
brownmo01,moses brown,Moses Brown,2023,2TM,C,23,36,294,22.2,0.607,0.0,0.75,22.0,30.9,26.5,2.1,0.7,4.2,10.5,21.2,0.7,0.4,1.1,0.179,0.6,-1.2,-0.6,0.1
knighna01,nathan knight,Nathan Knight,2023,MIN,C,25,38,291,14.5,0.655,0.272,0.704,8.6,12.8,10.8,6.1,1.6,1.8,16.5,18.7,0.4,0.3,0.7,0.116,-2.4,-0.8,-3.2,-0.1
chandke01,kennedy chandler,Kennedy Chandler,2023,MEM,PG,20,36,281,10.6,0.44,0.181,0.157,3.4,10.9,7.2,26.4,2.0,1.6,16.9,15.8,-0.1,0.4,0.3,0.044,-3.3,0.6,-2.7,0.0
bantoda01,dalano banton,Dalano Banton,2023,TOR,PG,23,31,279,14.9,0.505,0.392,0.185,4.2,14.9,9.1,19.3,2.3,4.5,11.4,24.2,0.0,0.4,0.4,0.064,-1.1,0.6,-0.5,0.1
forretr01,trent forrest,Trent Forrest,2023,ATL,SG,24,23,277,6.1,0.424,0.033,0.05,2.0,12.8,7.3,16.5,1.2,0.6,19.7,11.6,-0.2,0.2,-0.1,-0.011,-5.3,0.2,-5.1,-0.2
forbebr01,bryn forbes,Bryn Forbes,2023,MIN,SG,29,25,268,6.2,0.497,0.554,0.181,1.7,4.5,3.1,8.2,1.2,0.7,11.8,16.2,-0.2,0.2,0.0,0.0,-4.8,-1.5,-6.3,-0.3
taylote01,terry taylor,Terry Taylor,2023,2TM,PF,23,31,264,11.0,0.557,0.253,0.147,11.4,8.4,9.9,5.1,0.5,2.0,10.1,14.2,0.2,0.1,0.3,0.054,-2.3,-1.8,-4.1,-0.1
dowtije01,jeff dowtin,Jeff Dowtin Jr.,2023,TOR,PG,25,25,259,9.9,0.5,0.281,0.158,2.4,8.0,5.0,15.5,1.7,1.1,7.6,10.9,0.2,0.2,0.4,0.076,-2.8,0.9,-1.9,0.0
okpalkz01,kz okpala,KZ Okpala,2023,SAC,PF,23,35,248,6.2,0.554,0.553,0.211,3.2,12.4,7.8,6.3,1.4,2.5,14.4,8.4,0.1,0.2,0.3,0.057,-4.3,1.1,-3.2,-0.1
bostobr01,brandon boston,Brandon Boston Jr.,2023,LAC,SF,21,22,248,13.4,0.515,0.238,0.311,3.2,10.3,6.8,12.5,1.8,0.0,8.0,26.5,0.0,0.2,0.2,0.04,-1.5,-0.7,-2.2,0.0
garzalu01,luka garza,Luka Garza,2023,MIN,C,24,28,243,23.0,0.652,0.336,0.448,15.5,13.5,14.5,11.8,0.6,0.7,9.2,26.9,0.9,0.2,1.1,0.211,2.2,-2.6,-0.4,0.1
cainja01,jamal cain,Jamal Cain,2023,MIA,PF,23,18,240,16.5,0.647,0.303,0.333,7.1,18.7,12.7,7.6,2.3,0.4,7.3,15.1,0.5,0.3,0.8,0.169,-0.5,1.3,0.8,0.2
lewiski01,kira lewis,Kira Lewis Jr.,2023,NOP,PG,21,25,235,14.5,0.584,0.386,0.25,2.4,13.5,8.0,14.0,2.1,0.8,9.3,19.7,0.3,0.3,0.6,0.122,-0.8,0.5,-0.3,0.1
kaminfr01,frank kaminsky,Frank Kaminsky,2023,2TM,C,29,36,235,15.3,0.635,0.524,0.254,3.2,21.2,12.1,17.8,1.2,1.6,11.4,14.1,0.5,0.2,0.7,0.141,1.2,1.7,2.8,0.3
juzanjo01,johnny juzang,Johnny Juzang,2023,UTA,SG,21,18,232,6.5,0.411,0.606,0.038,3.8,14.3,9.1,4.7,0.8,1.1,2.8,19.6,-0.3,0.1,-0.2,-0.032,-4.3,-2.2,-6.5,-0.3
dukeda01,david duke,David Duke Jr.,2023,BRK,SG,23,23,228,8.3,0.497,0.154,0.218,5.5,8.7,7.1,13.1,2.1,0.4,17.4,20.1,-0.3,0.2,-0.1,-0.011,-6.3,-1.0,-7.3,-0.3
baldwpa01,patrick baldwin,Patrick Baldwin Jr.,2023,GSW,SF,20,31,226,11.3,0.546,0.771,0.055,0.5,18.6,9.7,6.9,1.3,1.6,9.0,22.8,-0.1,0.3,0.1,0.029,-0.7,-1.4,-2.1,0.0
butlejo01,john butler,John Butler,2023,POR,C,20,19,221,5.7,0.411,0.66,0.075,1.5,7.3,4.4,6.5,1.5,3.6,1.8,11.0,-0.1,0.1,0.0,0.001,-5.4,-0.8,-6.2,-0.2
zelleco01,cody zeller,Cody Zeller,2023,MIA,C,30,15,217,16.4,0.659,0.034,0.593,13.0,21.8,17.3,7.2,0.7,1.9,15.8,18.1,0.4,0.3,0.7,0.147,-2.0,-0.7,-2.8,0.0
terryda01,dalen terry,Dalen Terry,2023,CHI,SG,20,38,214,14.1,0.523,0.375,0.292,6.5,13.0,9.8,14.1,2.5,2.3,9.0,18.4,0.1,0.3,0.5,0.105,-1.7,1.7,0.0,0.1
dellama01,matthew dellavedova,Matthew Dellavedova,2023,SAC,PG,32,32,213,6.7,0.443,0.54,0.14,0.5,6.4,3.5,23.4,1.6,0.0,15.9,12.7,0.0,0.1,0.1,0.021,-4.4,-0.8,-5.2,-0.2
antetth01,thanasis antetokounmpo,Thanasis Antetokounmpo,2023,MIL,PF,30,37,206,6.7,0.458,0.174,0.478,7.9,14.1,11.1,9.3,0.7,1.2,17.7,13.8,-0.1,0.2,0.1,0.022,-6.5,-1.1,-7.6,-0.3
jovicni01,nikola jovic,Nikola Jović,2023,MIA,PF,19,15,204,10.6,0.53,0.507,0.275,5.0,13.1,8.9,7.3,1.7,1.0,11.4,19.0,0.0,0.2,0.2,0.053,-3.4,0.0,-3.4,-0.1
rhodeja01,jared rhoden,Jared Rhoden,2023,DET,SG,23,14,198,6.5,0.482,0.455,0.136,6.0,15.0,10.4,2.8,1.0,0.4,6.0,10.7,0.0,0.1,0.1,0.027,-5.0,-1.1,-6.1,-0.2
diabamo01,moussa diabate,Moussa Diabaté,2023,LAC,C,21,22,195,14.2,0.546,0.043,0.34,18.0,10.8,14.4,2.8,1.8,3.6,14.3,14.1,0.2,0.2,0.4,0.105,-1.9,-0.8,-2.8,0.0
noelne01,nerlens noel,Nerlens Noel,2023,2TM,C,28,17,195,7.9,0.424,0.056,0.333,5.6,21.0,13.1,6.7,4.0,4.5,23.9,12.0,-0.3,0.3,0.0,0.007,-6.5,2.6,-3.8,-0.1
mayssk01,skylar mays,Skylar Mays,2023,POR,PG,25,6,189,19.4,0.624,0.382,0.191,1.2,10.4,5.8,40.0,1.5,0.5,11.9,19.3,0.6,0.1,0.7,0.171,2.1,-2.1,0.0,0.1
watsope01,peyton watson,Peyton Watson,2023,DEN,SG,20,23,186,12.8,0.553,0.237,0.339,5.1,17.4,11.4,7.9,0.5,5.2,10.6,17.7,0.1,0.2,0.3,0.073,-2.7,-0.1,-2.8,0.0
ibakase01,serge ibaka,Serge Ibaka,2023,MIL,C,33,16,185,9.8,0.553,0.333,0.241,8.8,15.7,12.4,2.9,0.5,3.1,15.6,16.1,0.0,0.2,0.2,0.058,-4.6,0.0,-4.5,-0.1
loftoke01,kenneth lofton,Kenneth Lofton Jr.,2023,MEM,PF,20,24,176,20.2,0.572,0.183,0.29,11.5,19.2,15.4,18.1,1.3,1.0,10.3,27.6,0.3,0.2,0.5,0.145,0.7,-1.1,-0.4,0.1
diakima01,mamadi diakite,Mamadi Diakite,2023,CLE,C,26,22,176,9.0,0.56,0.42,0.04,5.4,14.7,10.0,6.3,1.1,4.7,19.1,16.0,-0.1,0.3,0.2,0.051,-4.9,1.6,-3.4,-0.1
arcidry01,ryan arcidiacono,Ryan Arcidiacono,2023,2TM,PG,28,20,172,2.7,0.351,0.622,0.0,0.0,10.0,5.0,16.9,1.4,0.0,15.9,11.1,-0.2,0.1,-0.2,-0.043,-7.3,-1.5,-8.8,-0.3
marjabo01,boban marjanovic,Boban Marjanović,2023,HOU,C,34,31,171,23.4,0.71,0.017,0.45,12.7,26.0,19.3,8.7,1.4,1.1,16.3,20.8,0.4,0.1,0.6,0.158,3.0,-1.5,1.6,0.2
vonleno01,noah vonleh,Noah Vonleh,2023,BOS,C,27,23,171,5.9,0.502,0.167,0.083,11.7,18.8,15.3,5.1,0.6,4.0,30.7,9.2,0.0,0.3,0.2,0.06,-7.0,0.7,-6.3,-0.2
krejcvi01,vit krejci,Vít Krejčí,2023,ATL,PG,22,29,165,7.7,0.475,0.568,0.054,3.9,13.4,8.6,12.4,1.4,0.5,11.7,10.9,0.0,0.1,0.1,0.042,-4.2,0.6,-3.6,-0.1
templga01,garrett temple,Garrett Temple,2023,NOP,SG,36,25,162,10.5,0.535,0.578,0.089,3.5,8.4,5.9,10.6,2.7,1.2,7.9,13.4,0.1,0.2,0.3,0.094,-2.5,1.6,-1.0,0.0
birchkh01,khem birch,Khem Birch,2023,TOR,C,30,20,162,9.4,0.629,0.063,0.156,5.2,12.8,8.7,5.8,1.5,3.0,19.0,11.1,0.1,0.2,0.2,0.072,-4.6,1.1,-3.5,-0.1
johnsja01,james johnson,James Johnson,2023,IND,PF,35,18,162,8.4,0.486,0.306,0.163,2.7,17.8,10.3,12.6,2.1,3.2,13.2,15.7,-0.1,0.2,0.1,0.017,-5.7,1.2,-4.4,-0.1
lenal01,alex len,Alex Len,2023,SAC,C,29,26,161,12.8,0.58,0.067,0.533,17.2,25.4,21.3,9.3,1.2,6.0,30.2,14.1,0.1,0.2,0.3,0.085,-4.9,0.9,-4.0,-0.1
samanlu01,luka samanic,Luka Šamanić,2023,UTA,PF,23,7,161,11.0,0.55,0.544,0.228,0.0,19.9,10.1,13.0,1.8,1.1,13.8,18.9,0.0,0.2,0.2,0.045,-3.2,1.1,-2.1,0.0
smithdr01,dru smith,Dru Smith,2023,2TM,SG,25,15,158,11.4,0.475,0.422,0.067,1.4,15.9,8.7,19.3,3.1,2.5,6.1,13.8,0.1,0.3,0.3,0.099,-3.8,2.9,-0.9,0.0
moorewe01,wendell moore,Wendell Moore Jr.,2023,MIN,SG,21,29,153,9.3,0.465,0.395,0.116,3.0,10.0,6.6,15.3,2.5,2.8,15.0,14.9,-0.1,0.2,0.1,0.028,-3.8,1.3,-2.4,0.0
porteot01,otto porter,Otto Porter Jr.,2023,TOR,SF,29,8,146,14.0,0.656,0.567,0.267,4.3,10.9,7.4,7.2,3.7,0.0,10.7,11.0,0.2,0.2,0.4,0.142,-1.3,2.0,0.7,0.1
walkeke02,kemba walker,Kemba Walker,2023,DAL,PG,32,9,144,15.0,0.543,0.491,0.368,2.4,10.6,6.5,20.1,0.7,1.2,5.7,22.1,0.2,0.1,0.3,0.098,0.3,-0.6,-0.3,0.1
greenda02,danny green,Danny Green,2023,2TM,SG,35,11,138,10.8,0.617,0.755,0.02,2.5,9.1,5.8,6.1,2.2,2.0,16.8,18.9,0.0,0.2,0.2,0.059,-2.1,0.2,-1.9,0.0
culveja01,jarrett culver,Jarrett Culver,2023,ATL,SF,23,10,137,9.5,0.452,0.279,0.302,7.9,22.6,15.2,5.5,2.1,1.2,12.6,17.1,-0.1,0.2,0.0,0.014,-4.8,0.6,-4.2,-0.1
jacksqu01,quenton jackson,Quenton Jackson,2023,WAS,PG,24,9,135,12.2,0.542,0.286,0.524,1.7,4.8,3.3,15.1,1.4,0.6,7.2,17.9,0.1,0.1,0.2,0.078,-3.7,-1.5,-5.1,-0.1
martico01,cody martin,Cody Martin,2023,CHO,SF,27,7,134,8.7,0.448,0.389,0.194,6.2,13.0,9.5,11.0,1.4,0.6,4.9,12.9,0.0,0.1,0.1,0.045,-3.8,-0.8,-4.6,-0.1
willije02,nate williams,Nate Williams,2023,POR,SG,23,5,127,15.5,0.657,0.205,0.077,9.0,4.6,6.8,12.1,1.2,1.4,9.0,15.2,0.3,0.0,0.3,0.12,-1.0,-2.1,-3.0,0.0
cooksxa01,xavier cooks,Xavier Cooks,2023,WAS,PF,27,10,126,14.3,0.586,0.036,0.357,14.7,18.7,16.8,6.4,2.3,2.7,19.8,13.9,0.1,0.2,0.2,0.094,-3.2,-0.4,-3.6,-0.1
prestja01,jason preston,Jason Preston,2023,LAC,PG,23,14,124,10.3,0.489,0.439,0.049,1.8,17.9,9.9,30.9,0.8,0.0,19.3,18.3,0.0,0.1,0.1,0.021,-2.1,-0.5,-2.6,0.0
isaacjo01,jonathan isaac,Jonathan Isaac,2023,ORL,PF,25,11,124,20.3,0.483,0.283,0.17,13.7,26.5,20.1,7.3,5.5,3.1,6.6,21.1,0.0,0.3,0.3,0.13,1.0,3.0,4.0,0.2
harrish01,shaquille harrison,Shaquille Harrison,2023,POR,SG,29,5,120,17.9,0.516,0.278,0.417,1.0,20.3,10.5,34.9,4.5,1.5,12.3,17.6,0.2,0.2,0.3,0.137,-2.5,2.6,0.1,0.1
leoname01,meyers leonard,Meyers Leonard,2023,MIL,C,30,9,114,12.0,0.652,0.621,0.31,11.4,19.4,15.5,1.2,0.8,0.0,15.4,14.4,0.2,0.1,0.3,0.126,-2.8,-2.2,-5.0,-0.1
sarrol01,olivier sarr,Olivier Sarr,2023,OKC,C,23,9,114,11.5,0.544,0.267,0.233,11.1,18.2,14.6,4.6,0.4,4.1,10.8,13.6,0.1,0.1,0.2,0.094,-4.2,-0.7,-4.9,-0.1
iguodan01,andre iguodala,Andre Iguodala,2023,GSW,PF,39,8,113,7.3,0.521,0.6,0.2,3.0,13.4,8.3,20.3,1.7,2.3,35.5,9.4,0.0,0.1,0.1,0.044,-4.3,1.7,-2.5,0.0
theisda01,daniel theis,Daniel Theis,2023,IND,C,30,7,109,14.2,0.497,0.25,0.273,7.1,15.2,11.2,12.2,0.9,4.7,5.7,20.1,0.0,0.1,0.1,0.046,-0.9,-0.5,-1.4,0.0
lawsoaj01,aj lawson,A.J. Lawson,2023,2TM,SG,22,15,108,13.9,0.589,0.568,0.182,6.4,16.3,11.3,3.0,0.9,0.0,5.9,21.1,0.1,0.1,0.1,0.063,-1.5,-2.9,-4.4,-0.1
jacksju01,justin jackson,Justin Jackson,2023,BOS,SF,27,23,107,6.3,0.359,0.741,0.074,2.1,15.1,8.7,10.5,1.8,3.2,6.7,12.2,-0.1,0.2,0.1,0.025,-4.2,1.6,-2.6,0.0
willivi01,vince williams,Vince Williams Jr.,2023,MEM,SG,22,15,105,3.9,0.367,0.7,0.05,4.0,11.1,7.6,4.8,2.7,1.7,10.9,18.1,-0.3,0.2,-0.1,-0.049,-8.3,-0.2,-8.5,-0.2
minotjo01,josh minott,Josh Minott,2023,MIN,SF,20,15,96,17.9,0.582,0.167,0.222,5.9,22.9,14.6,7.5,2.0,5.4,7.1,18.9,0.1,0.2,0.3,0.146,-1.9,0.4,-1.6,0.0
huffja01,jay huff,Jay Huff,2023,WAS,C,24,7,95,22.3,0.796,0.48,0.64,7.3,16.9,12.3,14.7,1.5,3.6,13.5,16.9,0.4,0.1,0.5,0.261,2.8,1.2,4.0,0.1
browngr01,greg brown,Greg Brown III,2023,POR,PF,21,16,93,5.8,0.421,0.25,0.429,2.5,21.2,11.7,4.5,2.1,4.8,15.3,18.4,-0.3,0.1,-0.1,-0.074,-8.5,0.0,-8.5,-0.2
primojo01,joshua primo,Joshua Primo,2023,SAS,SG,20,4,93,6.1,0.467,0.462,0.346,2.3,13.4,7.6,24.4,0.5,1.8,26.9,18.2,-0.2,0.0,-0.1,-0.073,-4.7,-1.6,-6.3,-0.1
boehebu01,buddy boeheim,Buddy Boeheim,2023,DET,SF,23,10,90,0.5,0.287,0.926,0.074,2.4,5.1,3.7,5.8,1.1,0.0,0.0,13.2,-0.2,0.0,-0.2,-0.091,-7.5,-2.0,-9.5,-0.2
sprinja01,jaden springer,Jaden Springer,2023,PHI,SG,20,16,89,17.2,0.545,0.143,0.229,8.1,10.4,9.3,13.8,3.9,3.1,7.2,20.8,0.1,0.2,0.3,0.145,-2.6,2.9,0.3,0.1
minayju01,justin minaya,Justin Minaya,2023,POR,SF,23,4,89,4.0,0.363,0.522,0.043,3.8,15.6,9.7,5.9,1.1,5.0,14.6,13.4,-0.2,0.1,-0.1,-0.067,-7.2,-1.9,-9.0,-0.2
wiggili01,lindell wigginton,Lindell Wigginton,2023,MIL,PG,24,7,87,11.8,0.61,0.486,0.243,0.0,8.1,4.2,23.8,0.0,1.9,22.7,25.6,0.0,0.1,0.1,0.028,-3.1,-3.6,-6.7,-0.1
mobleis01,isaiah mobley,Isaiah Mobley,2023,CLE,PF,23,12,84,14.1,0.521,0.286,0.143,5.6,22.4,14.0,5.0,2.4,3.3,3.3,16.4,0.1,0.2,0.2,0.135,-2.5,1.1,-1.4,0.0
halljo02,jordan hall,Jordan Hall,2023,SAS,SF,21,9,83,5.5,0.438,0.536,0.321,3.8,12.3,7.9,17.0,0.6,0.0,18.0,19.4,-0.1,0.0,-0.1,-0.077,-4.7,-2.9,-7.6,-0.1
yurtsom01,omer yurtseven,Omer Yurtseven,2023,MIA,C,24,9,83,16.7,0.675,0.259,0.222,10.9,21.9,16.2,3.9,1.2,2.5,11.9,18.0,0.2,0.1,0.3,0.159,-2.5,-1.5,-3.9,0.0
doziepj01,pj dozier,PJ Dozier,2023,SAC,SF,26,16,79,5.2,0.333,0.485,0.0,1.5,18.7,10.1,16.3,3.6,1.1,13.2,20.6,-0.3,0.1,-0.2,-0.097,-8.6,0.7,-7.8,-0.1
butleja02,jared butler,Jared Butler,2023,OKC,PG,22,6,77,13.0,0.578,0.438,0.0,1.4,4.3,2.8,15.0,3.1,0.0,13.5,20.1,0.0,0.1,0.1,0.061,-2.2,-0.4,-2.6,0.0
elliske01,keon ellis,Keon Ellis,2023,SAC,SG,23,16,71,14.0,0.629,0.75,0.438,6.5,6.4,6.4,10.5,3.4,1.2,5.0,12.1,0.2,0.1,0.2,0.162,-0.1,1.4,1.3,0.1
hasleud01,udonis haslem,Udonis Haslem,2023,MIA,C,42,7,71,6.2,0.433,0.31,0.172,6.4,12.0,9.1,0.0,0.7,2.9,3.1,20.1,-0.1,0.1,0.0,-0.009,-8.2,-3.9,-12.1,-0.2
bouyeja01,jamaree bouyea,Jamaree Bouyea,2023,2TM,PG,23,5,71,6.5,0.504,0.429,0.143,1.6,8.4,4.9,7.8,2.8,2.9,21.2,11.8,-0.1,0.1,0.0,0.013,-5.8,1.6,-4.2,0.0
queentr01,trevelin queen,Trevelin Queen,2023,IND,SG,25,7,70,6.0,0.337,0.517,0.172,12.7,14.2,13.5,11.1,1.4,6.1,18.3,22.9,-0.3,0.1,-0.2,-0.133,-5.6,-1.5,-7.2,-0.1
bolmale01,leandro bolmaro,Leandro Bolmaro,2023,UTA,SF,22,14,68,-5.0,0.15,0.2,0.0,6.5,4.7,5.6,12.3,2.1,1.2,25.9,16.6,-0.4,0.0,-0.3,-0.231,-12.4,-2.3,-14.7,-0.2
whiteja03,jack white,Jack White,2023,DEN,SF,25,17,66,12.6,0.517,0.474,0.158,10.7,18.6,14.8,7.7,2.2,2.7,9.0,14.7,0.1,0.1,0.1,0.108,-2.6,0.7,-1.9,0.0
martity01,tyrese martin,Tyrese Martin,2023,ATL,SG,23,16,66,7.7,0.44,0.304,0.087,8.2,11.7,10.0,3.9,0.7,0.0,7.7,16.5,0.0,0.0,0.0,-0.01,-4.2,-3.1,-7.4,-0.1
davisjd01,jd davison,JD Davison,2023,BOS,SG,20,12,66,10.1,0.478,0.368,0.105,3.4,11.4,7.4,22.4,1.5,2.6,16.8,15.8,0.0,0.1,0.1,0.059,-4.5,0.4,-4.2,0.0
rolliry01,ryan rollins,Ryan Rollins,2023,GSW,PG,20,12,62,-1.4,0.508,0.45,0.3,5.4,15.7,10.6,12.4,0.8,1.4,41.4,26.1,-0.3,0.1,-0.3,-0.218,-11.3,-3.7,-15.0,-0.2
toddis01,isaiah todd,Isaiah Todd,2023,WAS,PF,21,6,61,-1.0,0.226,0.526,0.105,3.8,17.6,10.9,7.9,0.8,0.0,9.1,15.6,-0.2,0.0,-0.2,-0.147,-10.3,-3.9,-14.2,-0.2
merrisa01,sam merrill,Sam Merrill,2023,CLE,SG,26,5,59,15.5,0.546,0.818,0.091,0.0,18.0,9.0,12.0,3.4,0.0,0.0,17.3,0.1,0.1,0.2,0.16,-1.2,2.5,1.2,0.0
jonesca03,carlik jones,Carlik Jones,2023,CHI,PG,25,7,56,11.1,0.54,0.4,0.533,2.1,8.0,5.1,13.9,1.7,0.0,9.7,16.2,0.0,0.1,0.1,0.078,-2.8,0.4,-2.5,0.0
yorkga01,gabe york,Gabe York,2023,IND,SG,29,3,56,11.8,0.548,0.857,0.095,0.0,11.9,5.9,12.3,1.7,0.0,0.0,16.4,0.1,0.0,0.1,0.091,-1.7,-1.8,-3.5,0.0
dotsode01,devon dotson,Devon Dotson,2023,WAS,PG,23,6,53,4.8,0.15,0.4,0.0,13.1,8.1,10.5,17.6,4.6,0.0,23.1,10.7,-0.1,0.1,0.0,-0.025,-7.0,1.8,-5.3,0.0
campafa01,facundo campazzo,Facundo Campazzo,2023,DAL,PG,31,8,52,7.8,0.36,0.846,0.154,0.0,4.5,2.2,22.6,5.7,0.0,17.8,14.7,-0.1,0.1,0.0,-0.012,-4.8,3.6,-1.2,0.0
pottemi01,micah potter,Micah Potter,2023,UTA,PF,24,7,52,18.6,0.8,0.467,0.0,6.3,26.7,16.6,11.2,0.9,0.0,11.8,13.7,0.2,0.0,0.2,0.186,2.4,1.2,3.5,0.1
wieskjo01,joe wieskamp,Joe Wieskamp,2023,TOR,SF,23,9,50,-0.4,0.321,0.857,0.0,0.0,9.8,4.5,7.4,0.0,0.0,6.7,12.8,-0.1,0.0,-0.1,-0.076,-7.0,-3.6,-10.6,-0.1
harpero02,ron harper,Ron Harper Jr.,2023,TOR,PF,22,9,48,15.7,0.608,0.563,0.063,6.6,10.2,8.3,11.9,0.0,2.0,0.0,14.6,0.1,0.0,0.2,0.158,2.4,-1.2,1.2,0.0
sneedxa01,xavier sneed,Xavier Sneed,2023,CHO,SF,25,4,48,9.5,0.723,0.6,0.4,0.0,11.3,5.6,13.9,0.0,1.8,20.3,12.9,0.1,0.0,0.1,0.086,-3.1,-0.4,-3.6,0.0
cartemi01,michael carter williams,Michael Carter-Williams,2023,ORL,PG,31,4,44,9.0,0.498,0.214,0.5,2.6,10.3,6.4,22.6,1.1,2.2,19.0,20.6,0.0,0.0,0.0,-0.003,-5.1,-1.2,-6.3,0.0
swideco01,cole swider,Cole Swider,2023,LAL,SF,23,7,41,7.4,0.5,0.889,0.0,2.7,15.2,9.1,12.0,0.0,0.0,0.0,9.3,0.0,0.0,0.1,0.08,-2.9,-0.5,-3.4,0.0
mccluma01,mac mcclung,Mac McClung,2023,PHI,SG,24,2,41,19.2,0.563,0.55,0.25,8.8,19.8,14.4,35.3,0.0,0.0,11.9,27.5,0.1,0.0,0.1,0.14,2.2,-1.7,0.5,0.0
gilyaja01,jacob gilyard,Jacob Gilyard,2023,MEM,PG,24,1,41,7.3,0.5,1.0,0.0,0.0,10.3,5.2,19.4,3.5,0.0,40.0,5.1,0.0,0.1,0.1,0.079,-7.8,1.7,-6.1,0.0
brownke03,kendall brown,Kendall Brown,2023,IND,SG,19,6,40,9.1,0.571,0.143,0.286,5.6,11.1,8.3,9.7,4.7,0.0,20.2,10.4,0.0,0.1,0.1,0.071,-7.0,4.0,-2.9,0.0
brantja01,jarrell brantley,Jarrell Brantley,2023,UTA,PF,26,4,39,18.5,0.739,0.643,0.143,2.8,13.7,8.3,11.4,0.0,4.3,11.8,18.1,0.1,0.0,0.1,0.16,3.1,0.4,3.5,0.1
kabenmf01,mfiondu kabengele,Mfiondu Kabengele,2023,BOS,PF,25,4,36,8.1,0.381,0.429,0.286,15.4,14.9,15.2,0.0,2.7,0.0,11.3,10.8,0.0,0.1,0.1,0.067,-6.6,-2.4,-8.9,-0.1
grayra01,raiquan gray,RaiQuan Gray,2023,BRK,PF,23,1,35,15.5,0.621,0.417,0.167,9.9,18.8,14.4,29.0,0.0,2.4,23.7,21.4,0.0,0.0,0.1,0.106,-0.6,-1.4,-2.0,0.0
champju01,justin champagnie,Justin Champagnie,2023,2TM,SF,21,5,34,10.3,0.367,0.333,0.0,9.6,17.1,13.1,16.3,1.4,0.0,0.0,19.2,0.0,0.0,0.0,0.009,-5.1,-2.8,-7.9,-0.1
bradlto01,tony bradley,Tony Bradley,2023,CHI,C,25,12,33,21.7,0.69,0.417,0.333,3.5,33.8,18.9,4.4,1.5,2.9,6.8,19.8,0.1,0.1,0.2,0.22,4.4,0.5,4.9,0.1
pippesc02,scotty pippen,Scotty Pippen Jr.,2023,LAL,PG,22,6,32,9.6,0.439,0.25,0.75,6.9,6.5,6.7,8.2,3.0,2.6,11.1,23.7,-0.1,0.0,0.0,-0.017,-5.1,-0.8,-5.9,0.0
johnsal02,alize johnson,Alize Johnson,2023,SAS,PF,26,4,30,4.3,0.509,0.333,0.333,7.0,30.3,18.2,4.2,1.6,0.0,36.8,15.0,-0.1,0.0,-0.1,-0.099,-7.4,-1.7,-9.1,-0.1
scrubja01,jay scrubb,Jay Scrubb,2023,ORL,SG,22,2,30,14.2,0.825,0.286,0.286,0.0,22.7,11.3,5.0,3.2,0.0,27.6,15.6,0.0,0.0,0.1,0.083,-2.9,1.0,-1.9,0.0
quetane01,neemias queta,Neemias Queta,2023,SAC,C,23,5,29,17.0,0.607,0.0,0.222,19.8,23.5,21.7,5.0,0.0,6.0,9.2,16.1,0.1,0.0,0.1,0.149,-2.6,-0.8,-3.4,0.0
kinglo02,louis king,Louis King,2023,PHI,PF,23,1,29,21.3,0.744,0.615,0.077,8.3,8.0,8.1,12.2,1.7,0.0,13.0,23.8,0.1,0.0,0.1,0.157,3.3,-1.0,2.3,0.0
careyve01,vernon carey,Vernon Carey Jr.,2023,WAS,C,21,11,28,10.8,0.338,0.0,0.25,12.4,30.6,21.8,13.3,3.5,6.0,18.4,16.9,-0.1,0.1,0.0,0.014,-7.1,2.1,-5.0,0.0
hudgitr01,trevor hudgins,Trevor Hudgins,2023,HOU,PG,23,5,28,4.2,0.436,0.889,0.333,0.0,0.0,0.0,13.9,0.0,0.0,8.8,16.8,0.0,0.0,0.0,-0.035,-3.8,-4.7,-8.4,0.0
simmoko01,kobi simmons,Kobi Simmons,2023,CHO,SG,25,5,28,9.0,0.363,0.833,0.333,3.7,11.7,7.6,21.8,0.0,6.2,12.7,11.8,0.0,0.0,0.0,0.019,-1.0,0.1,-0.9,0.0
daysda01,darius days,Darius Days,2023,HOU,SF,23,4,25,18.3,0.582,0.833,0.167,4.3,22.2,13.2,6.2,0.0,3.9,0.0,21.4,0.1,0.0,0.1,0.156,4.7,-1.2,3.5,0.0
brownst02,sterling brown,Sterling Brown,2023,LAL,SF,27,4,24,7.0,0.0,0.5,0.0,13.9,21.6,17.8,9.4,5.9,0.0,0.0,7.0,0.0,0.1,0.0,0.04,-7.7,4.3,-3.3,0.0
comanch01,chance comanche,Chance Comanche,2023,POR,C,26,1,21,12.2,0.518,0.0,0.8,10.9,5.5,8.2,0.0,0.0,4.2,0.0,14.0,0.0,0.0,0.0,0.043,-2.6,-4.9,-7.5,0.0
simonma01,marko simonovic,Marko Simonovic,2023,CHI,C,23,7,20,-0.1,0.381,0.571,0.286,5.8,5.6,5.7,0.0,0.0,0.0,0.0,17.4,0.0,0.0,0.0,-0.052,-10.5,-3.8,-14.4,-0.1
moonxa01,xavier moon,Xavier Moon,2023,LAC,SG,28,4,20,7.2,0.389,0.333,0.0,0.0,16.6,8.4,35.7,0.0,0.0,10.0,21.8,0.0,0.0,0.0,-0.03,-4.1,-1.0,-5.1,0.0
quinole01,lester quinones,Lester Quiñones,2023,GSW,SG,22,4,18,8.6,0.654,0.8,1.2,6.2,12.0,9.2,14.2,2.6,0.0,39.6,29.4,-0.1,0.0,0.0,-0.103,-6.4,-3.7,-10.2,0.0
seabrde01,dereon seabron,Dereon Seabron,2023,NOP,SG,22,5,12,4.6,0.4,0.0,0.0,9.5,0.0,4.7,0.0,0.0,0.0,0.0,17.9,0.0,0.0,0.0,-0.034,-6.6,-4.7,-11.3,0.0
windldy01,dylan windler,Dylan Windler,2023,CLE,SF,26,3,10,19.0,0.833,0.667,0.0,0.0,0.0,0.0,15.2,5.0,0.0,25.0,17.9,0.0,0.0,0.0,0.149,3.2,3.5,6.7,0.0
hillma01,malcolm hill,Malcolm Hill,2023,CHI,SF,27,5,9,15.4,0.625,0.75,0.0,0.0,37.2,18.9,0.0,0.0,0.0,0.0,19.7,0.0,0.0,0.0,0.125,1.6,0.8,2.4,0.0
keybr01,braxton key,Braxton Key,2023,DET,SF,25,3,9,18.6,1.064,0.0,2.0,0.0,12.7,6.2,0.0,0.0,0.0,0.0,8.9,0.0,0.0,0.0,0.242,2.1,0.8,2.9,0.0
dorsety01,tyler dorsey,Tyler Dorsey,2023,DAL,SF,26,3,8,45.5,0.9,0.4,0.0,14.4,14.7,14.5,0.0,0.0,0.0,0.0,28.3,0.1,0.0,0.1,0.367,17.0,0.8,17.8,0.0
keelstr01,trevor keels,Trevor Keels,2023,NYK,SG,19,3,8,3.7,0.375,1.0,0.0,0.0,27.6,13.7,0.0,0.0,0.0,0.0,21.4,0.0,0.0,0.0,-0.062,-7.4,-5.6,-13.0,0.0
monekch01,chima moneke,Chima Moneke,2023,SAC,SF,27,2,8,-3.5,0.347,0.0,1.0,28.8,0.0,14.3,16.1,0.0,0.0,41.0,26.2,0.0,0.0,0.0,-0.288,-12.7,-8.0,-20.7,0.0
burtode02,deonte burton,Deonte Burton,2023,SAC,PF,29,2,6,-12.6,0.0,0.5,0.0,0.0,0.0,0.0,0.0,0.0,0.0,0.0,14.3,0.0,0.0,0.0,-0.347,-13.9,-10.4,-24.2,0.0
schakjo01,jordan schakel,Jordan Schakel,2023,WAS,SF,24,2,6,24.3,0.75,0.5,0.0,0.0,0.0,0.0,23.5,8.1,0.0,0.0,14.5,0.0,0.0,0.0,0.314,7.7,9.3,17.0,0.0
jacksfr01,frank jackson,Frank Jackson,2023,UTA,PG,24,1,5,-6.8,0.0,0.333,0.0,21.9,21.3,21.6,22.7,0.0,0.0,0.0,25.1,0.0,0.0,0.0,-0.378,-12.5,-9.8,-22.2,0.0
willial06,alondes williams,Alondes Williams,2023,BRK,SG,23,1,5,-20.9,,,,0.0,22.0,11.2,0.0,0.0,0.0,100.0,17.7,-0.1,0.0,-0.1,-0.517,-21.3,-5.2,-26.5,0.0
willido02,donovan williams,Donovan Williams,2023,ATL,SG,21,2,4,14.5,0.4,0.4,0.0,0.0,55.4,27.4,0.0,0.0,0.0,0.0,52.5,0.0,0.0,0.0,-0.225,-9.1,-6.1,-15.2,0.0
silvach01,chris silva,Chris Silva,2023,DAL,PF,26,1,3,-2.2,1.0,0.0,0.0,0.0,0.0,0.0,0.0,0.0,0.0,50.0,30.1,0.0,0.0,0.0,-0.26,-22.5,-0.1,-22.6,0.0
umudest01,stanley umude,Stanley Umude,2023,DET,SG,23,1,2,65.6,0.532,1.0,2.0,0.0,0.0,0.0,0.0,24.2,44.1,0.0,40.0,0.0,0.0,0.0,0.626,15.9,32.7,48.6,0.0
fostemi02,michael foster,Michael Foster Jr.,2023,PHI,PF,20,1,1,0.0,,,,0.0,0.0,0.0,0.0,0.0,0.0,,0.0,0.0,0.0,0.0,0.01,-7.2,-1.9,-9.2,0.0
