player_id,player_clean,player_name,season,team_abbr,position,age,gp,gs,mpg,fg,fga,fg_pct,fg3,fg3a,fg3_pct,fg2,fg2a,fg2_pct,efg_pct,ft,fta,ft_pct,orb,drb,rpg,apg,spg,bpg,tov,pf,ppg
hardeja01,james harden,James Harden,2019,HOU,PG,29,78,78,36.8,10.8,24.5,0.442,4.8,13.2,0.368,6.0,11.3,0.528,0.541,9.7,11.0,0.879,0.8,5.8,6.6,7.5,2.0,0.7,5.0,3.1,36.1
georgpa01,paul george,Paul George,2019,OKC,SF,28,77,77,36.9,9.2,21.0,0.438,3.8,9.8,0.386,5.4,11.1,0.484,0.529,5.9,7.0,0.839,1.4,6.8,8.2,4.1,2.2,0.4,2.7,2.8,28.0
antetgi01,giannis antetokounmpo,Giannis Antetokounmpo,2019,MIL,PF,24,72,72,32.8,10.0,17.3,0.578,0.7,2.8,0.256,9.3,14.5,0.641,0.599,6.9,9.5,0.729,2.2,10.3,12.5,5.9,1.3,1.5,3.7,3.2,27.7
embiijo01,joel embiid,Joel Embiid,2019,PHI,C,24,64,64,33.7,9.1,18.7,0.484,1.2,4.1,0.3,7.8,14.6,0.535,0.517,8.2,10.1,0.804,2.5,11.1,13.6,3.7,0.7,1.9,3.5,3.3,27.5
jamesle01,lebron james,LeBron James,2019,LAL,SF,34,55,55,35.2,10.1,19.9,0.51,2.0,5.9,0.339,8.1,14.0,0.582,0.56,5.1,7.6,0.665,1.0,7.4,8.5,8.3,1.3,0.6,3.6,1.7,27.4
curryst01,stephen curry,Stephen Curry,2019,GSW,PG,30,69,69,33.8,9.2,19.4,0.472,5.1,11.7,0.437,4.0,7.7,0.525,0.604,3.8,4.2,0.916,0.7,4.7,5.3,5.2,1.3,0.4,2.8,2.4,27.3
bookede01,devin booker,Devin Booker,2019,PHO,SG,22,64,64,35.0,9.2,19.6,0.467,2.1,6.5,0.326,7.0,13.1,0.536,0.521,6.1,7.1,0.866,0.6,3.5,4.1,6.8,0.9,0.2,4.1,3.1,26.6
leonaka01,kawhi leonard,Kawhi Leonard,2019,TOR,SF,27,60,60,34.0,9.3,18.8,0.496,1.9,5.0,0.371,7.5,13.8,0.542,0.546,6.1,7.1,0.854,1.3,6.0,7.3,3.3,1.8,0.4,2.0,1.5,26.6
duranke01,kevin durant,Kevin Durant,2019,GSW,SF,30,78,78,34.6,9.2,17.7,0.521,1.8,5.0,0.353,7.5,12.8,0.587,0.571,5.7,6.5,0.885,0.4,5.9,6.4,5.9,0.7,1.1,2.9,2.0,26.0
davisan02,anthony davis,Anthony Davis,2019,NOP,C,25,56,56,33.0,9.5,18.3,0.517,0.9,2.6,0.331,8.6,15.7,0.547,0.54,6.1,7.7,0.794,3.1,8.9,12.0,3.9,1.6,2.4,2.0,2.4,25.9
lillada01,damian lillard,Damian Lillard,2019,POR,PG,28,80,80,35.5,8.5,19.2,0.444,3.0,8.0,0.369,5.6,11.1,0.499,0.522,5.9,6.4,0.912,0.9,3.8,4.6,6.9,1.1,0.4,2.7,1.9,25.8
bealbr01,bradley beal,Bradley Beal,2019,WAS,SG,25,82,82,36.9,9.3,19.6,0.475,2.5,7.3,0.351,6.8,12.4,0.548,0.54,4.4,5.5,0.808,1.1,3.9,5.0,5.5,1.5,0.7,2.7,2.8,25.6
walkeke02,kemba walker,Kemba Walker,2019,CHO,PG,28,82,82,34.9,8.9,20.5,0.434,3.2,8.9,0.356,5.7,11.6,0.494,0.511,4.6,5.5,0.844,0.6,3.8,4.4,5.9,1.2,0.4,2.6,1.6,25.6
griffbl01,blake griffin,Blake Griffin,2019,DET,PF,29,75,75,35.0,8.3,17.9,0.462,2.5,7.0,0.362,5.7,10.9,0.525,0.532,5.5,7.3,0.753,1.3,6.2,7.5,5.4,0.7,0.4,3.4,2.7,24.5
townska01,karl anthony towns,Karl-Anthony Towns,2019,MIN,C,23,77,77,33.1,8.8,17.1,0.518,1.8,4.6,0.4,7.0,12.5,0.562,0.572,4.9,5.8,0.836,3.4,9.0,12.4,3.4,0.9,1.6,3.1,3.8,24.4
irvinky01,kyrie irving,Kyrie Irving,2019,BOS,PG,26,67,67,33.0,9.0,18.5,0.487,2.6,6.5,0.401,6.4,12.0,0.533,0.557,3.2,3.7,0.873,1.1,3.9,5.0,6.9,1.5,0.5,2.6,2.5,23.8
mitchdo01,donovan mitchell,Donovan Mitchell,2019,UTA,SG,22,77,77,33.7,8.6,19.9,0.432,2.4,6.7,0.362,6.1,13.1,0.468,0.493,4.1,5.1,0.806,0.8,3.3,4.1,4.2,1.4,0.4,2.8,2.7,23.8
lavinza01,zach lavine,Zach LaVine,2019,CHI,SG,23,63,62,34.5,8.4,18.0,0.467,1.9,5.1,0.374,6.5,12.9,0.504,0.52,5.0,6.0,0.832,0.6,4.0,4.7,4.5,1.0,0.4,3.4,2.2,23.7
westbru01,russell westbrook,Russell Westbrook,2019,OKC,PG,30,73,73,36.0,8.6,20.2,0.428,1.6,5.6,0.29,7.0,14.5,0.481,0.468,4.1,6.2,0.656,1.5,9.6,11.1,10.7,1.9,0.5,4.5,3.4,22.9
thompkl01,klay thompson,Klay Thompson,2019,GSW,SG,28,78,78,34.0,8.4,18.0,0.467,3.1,7.7,0.402,5.3,10.3,0.516,0.553,1.7,2.0,0.816,0.5,3.4,3.8,2.4,1.1,0.6,1.5,2.0,21.5
randlju01,julius randle,Julius Randle,2019,NOP,PF,24,73,49,30.6,7.8,14.9,0.524,0.9,2.7,0.344,6.9,12.2,0.564,0.555,4.9,6.7,0.731,2.2,6.5,8.7,3.1,0.7,0.6,2.8,3.4,21.4
aldrila01,lamarcus aldridge,LaMarcus Aldridge,2019,SAS,C,33,81,81,33.2,8.4,16.3,0.519,0.1,0.5,0.238,8.3,15.8,0.528,0.522,4.3,5.1,0.847,3.1,6.1,9.2,2.4,0.5,1.3,1.8,2.2,21.3
derozde01,demar derozan,DeMar DeRozan,2019,SAS,SG,29,77,77,34.9,8.2,17.1,0.481,0.1,0.6,0.156,8.1,16.5,0.492,0.483,4.8,5.7,0.83,0.7,5.3,6.0,6.2,1.1,0.5,2.6,2.3,21.2
doncilu01,luka doncic,Luka Dončić,2019,DAL,SG,19,72,72,32.2,7.0,16.5,0.427,2.3,7.1,0.327,4.7,9.3,0.503,0.497,4.8,6.7,0.713,1.2,6.6,7.8,6.0,1.1,0.3,3.4,1.9,21.2
holidjr01,jrue holiday,Jrue Holiday,2019,NOP,SG,28,67,67,35.9,8.2,17.3,0.472,1.8,5.4,0.325,6.4,11.9,0.539,0.523,3.1,4.0,0.768,1.1,3.9,5.0,7.7,1.6,0.8,3.1,2.2,21.2
conlemi01,mike conley,Mike Conley,2019,MEM,PG,31,70,70,33.5,7.0,16.0,0.438,2.2,6.1,0.364,4.8,9.9,0.483,0.507,4.9,5.8,0.845,0.6,2.8,3.4,6.4,1.3,0.3,1.9,1.8,21.1
russeda01,dangelo russell,D'Angelo Russell,2019,BRK,PG,22,81,81,30.2,8.1,18.7,0.434,2.9,7.8,0.369,5.2,10.9,0.482,0.512,2.0,2.5,0.78,0.7,3.2,3.9,7.0,1.2,0.2,3.1,1.7,21.1
mccolcj01,cj mccollum,CJ McCollum,2019,POR,SG,27,70,70,33.9,8.2,17.8,0.459,2.4,6.4,0.375,5.8,11.4,0.506,0.527,2.3,2.7,0.828,0.9,3.1,4.0,3.0,0.8,0.4,1.5,2.5,21.0
vucevni01,nikola vucevic,Nikola Vučević,2019,ORL,C,28,80,80,31.4,8.8,16.9,0.518,1.1,2.9,0.364,7.7,14.0,0.549,0.549,2.2,2.8,0.789,2.8,9.2,12.0,3.8,1.0,1.1,2.0,2.0,20.8
hieldbu01,buddy hield,Buddy Hield,2019,SAC,SG,26,82,82,31.9,7.6,16.6,0.458,3.4,7.9,0.427,4.2,8.6,0.487,0.56,2.1,2.4,0.886,1.3,3.7,5.0,2.5,0.7,0.4,1.8,2.5,20.7
walljo01,john wall,John Wall,2019,WAS,PG,28,32,32,34.5,7.7,17.3,0.444,1.6,5.3,0.302,6.1,12.0,0.507,0.49,3.8,5.5,0.697,0.5,3.2,3.6,8.7,1.5,0.9,3.8,2.2,20.7
jokicni01,nikola jokic,Nikola Jokić,2019,DEN,C,23,80,80,31.3,7.7,15.1,0.511,1.0,3.4,0.307,6.7,11.7,0.569,0.545,3.6,4.4,0.821,2.9,8.0,10.8,7.3,1.4,0.7,3.1,2.9,20.1
harrito02,tobias harris,Tobias Harris,2019,2TM,PF,26,82,82,34.7,7.5,15.3,0.487,1.9,4.8,0.397,5.5,10.5,0.528,0.549,3.2,3.7,0.866,0.8,7.0,7.9,2.8,0.6,0.5,1.8,2.2,20.0
willilo02,lou williams,Lou Williams,2019,LAC,SG,32,75,1,26.6,6.5,15.2,0.425,1.4,3.9,0.361,5.1,11.3,0.447,0.471,5.7,6.5,0.876,0.5,2.4,3.0,5.4,0.8,0.1,2.4,1.1,20.0
gallida01,danilo gallinari,Danilo Gallinari,2019,LAC,SF,30,68,68,30.3,6.0,13.0,0.463,2.4,5.5,0.433,3.6,7.5,0.484,0.554,5.4,6.0,0.904,0.8,5.3,6.1,2.6,0.7,0.3,1.5,1.9,19.8
collijo01,john collins,John Collins,2019,ATL,PF,21,61,59,30.0,7.6,13.6,0.56,0.9,2.6,0.348,6.7,11.0,0.609,0.593,3.3,4.4,0.763,3.6,6.2,9.8,2.0,0.4,0.6,2.0,3.3,19.5
youngtr01,trae young,Trae Young,2019,ATL,PG,20,81,81,30.9,6.5,15.5,0.418,1.9,6.0,0.324,4.6,9.6,0.477,0.48,4.2,5.1,0.829,0.8,2.9,3.7,8.1,0.9,0.2,3.8,1.7,19.1
oladivi01,victor oladipo,Victor Oladipo,2019,IND,SG,26,36,36,31.9,6.9,16.3,0.423,2.1,6.0,0.343,4.9,10.3,0.47,0.486,2.9,3.9,0.73,0.6,5.0,5.6,5.2,1.7,0.3,2.3,2.0,18.8
butleji01,jimmy butler,Jimmy Butler,2019,2TM,SG,29,65,65,33.6,6.4,13.9,0.462,1.0,3.0,0.347,5.4,10.9,0.494,0.499,4.8,5.6,0.855,1.9,3.4,5.3,4.0,1.9,0.6,1.5,1.7,18.7
kuzmaky01,kyle kuzma,Kyle Kuzma,2019,LAL,PF,23,70,68,33.1,7.1,15.5,0.456,1.8,6.0,0.303,5.3,9.5,0.553,0.515,2.7,3.6,0.752,0.9,4.6,5.5,2.5,0.6,0.4,1.9,2.4,18.7
markkla01,lauri markkanen,Lauri Markkanen,2019,CHI,PF,21,52,51,32.3,6.6,15.3,0.43,2.3,6.4,0.361,4.3,8.9,0.479,0.506,3.3,3.8,0.872,1.4,7.6,9.0,1.4,0.7,0.6,1.6,2.3,18.7
ingrabr01,brandon ingram,Brandon Ingram,2019,LAL,SF,21,52,52,33.8,7.0,14.0,0.497,0.6,1.8,0.33,6.4,12.2,0.521,0.518,3.8,5.6,0.675,0.8,4.3,5.1,3.0,0.5,0.6,2.5,2.9,18.3
middlkh01,khris middleton,Khris Middleton,2019,MIL,SF,27,77,77,31.1,6.6,14.9,0.441,2.3,6.2,0.378,4.2,8.8,0.485,0.519,2.8,3.4,0.837,0.6,5.3,6.0,4.3,1.0,0.1,2.3,2.2,18.3
murraja01,jamal murray,Jamal Murray,2019,DEN,PG,21,75,74,32.6,6.8,15.6,0.437,2.0,5.5,0.367,4.8,10.1,0.476,0.502,2.5,3.0,0.848,0.9,3.4,4.2,4.8,0.9,0.4,2.1,2.0,18.2
hardati02,tim hardaway,Tim Hardaway Jr.,2019,2TM,SG,26,65,63,31.6,6.0,15.3,0.393,2.5,7.3,0.34,3.5,7.9,0.442,0.474,3.6,4.2,0.841,0.5,2.9,3.4,2.4,0.8,0.1,1.6,2.2,18.1
redicjj01,jj redick,JJ Redick,2019,PHI,SG,34,76,63,31.3,5.9,13.5,0.44,3.2,8.0,0.397,2.8,5.6,0.502,0.557,3.0,3.4,0.894,0.3,2.2,2.4,2.7,0.4,0.2,1.3,1.7,18.1
wiggian01,andrew wiggins,Andrew Wiggins,2019,MIN,SF,23,73,73,34.8,6.8,16.6,0.412,1.6,4.8,0.339,5.2,11.8,0.441,0.461,2.8,4.1,0.699,1.1,3.7,4.8,2.5,1.0,0.7,1.9,2.1,18.1
bogdabo02,bojan bogdanovic,Bojan Bogdanović,2019,IND,SF,29,81,81,31.8,6.4,13.0,0.497,2.0,4.8,0.425,4.4,8.2,0.538,0.575,3.0,3.8,0.807,0.4,3.7,4.1,2.0,0.9,0.0,1.7,1.7,18.0
rosede01,derrick rose,Derrick Rose,2019,MIN,PG,30,51,13,27.3,7.1,14.8,0.482,1.1,2.9,0.37,6.1,11.9,0.509,0.518,2.7,3.1,0.856,0.6,2.1,2.7,4.3,0.6,0.2,1.6,1.1,18.0
warretj01,tj warren,T.J. Warren,2019,PHO,SF,25,43,36,31.6,6.9,14.2,0.486,1.8,4.2,0.428,5.1,10.0,0.51,0.549,2.3,2.9,0.815,0.7,3.3,4.0,1.5,1.2,0.7,1.2,2.8,18.0
drumman01,andre drummond,Andre Drummond,2019,DET,C,25,79,79,33.5,7.1,13.3,0.533,0.1,0.5,0.132,7.0,12.8,0.548,0.536,3.1,5.2,0.59,5.4,10.2,15.6,1.4,1.7,1.7,2.2,3.4,17.3
foxde01,deaaron fox,De'Aaron Fox,2019,SAC,PG,21,81,81,31.4,6.2,13.6,0.458,1.1,2.9,0.371,5.2,10.7,0.482,0.497,3.7,5.1,0.727,0.5,3.2,3.8,7.3,1.6,0.6,2.8,2.5,17.3
loveke01,kevin love,Kevin Love,2019,CLE,PF,30,22,21,27.2,5.0,12.9,0.385,2.4,6.7,0.361,2.5,6.2,0.412,0.479,4.7,5.2,0.904,1.5,9.4,10.9,2.2,0.3,0.2,1.9,2.5,17.0
siakapa01,pascal siakam,Pascal Siakam,2019,TOR,PF,24,80,79,31.9,6.5,11.8,0.549,1.0,2.7,0.369,5.5,9.1,0.602,0.591,3.0,3.8,0.785,1.6,5.3,6.9,3.1,0.9,0.7,1.9,3.0,16.9
simmobe01,ben simmons,Ben Simmons,2019,PHI,PG,22,79,79,34.2,6.8,12.2,0.563,0.0,0.1,0.0,6.8,12.1,0.566,0.563,3.3,5.4,0.6,2.2,6.6,8.8,7.7,1.4,0.8,3.5,2.6,16.9
clarkjo01,jordan clarkson,Jordan Clarkson,2019,CLE,SG,26,81,0,27.3,6.5,14.6,0.448,1.8,5.5,0.324,4.8,9.1,0.524,0.509,2.0,2.4,0.844,1.0,2.3,3.3,2.4,0.7,0.2,1.7,1.4,16.8
dinwisp01,spencer dinwiddie,Spencer Dinwiddie,2019,BRK,PG,25,68,4,28.1,5.4,12.2,0.442,1.8,5.4,0.335,3.6,6.7,0.528,0.517,4.2,5.2,0.806,0.4,2.1,2.4,4.6,0.6,0.3,2.2,2.8,16.8
sextoco01,collin sexton,Collin Sexton,2019,CLE,PG,20,82,72,31.8,6.3,14.7,0.43,1.5,3.6,0.402,4.9,11.1,0.44,0.48,2.6,3.1,0.839,0.7,2.2,2.9,3.0,0.5,0.1,2.3,2.3,16.7
capelca01,clint capela,Clint Capela,2019,HOU,C,24,67,67,33.6,7.1,10.9,0.648,0.0,0.0,,7.1,10.9,0.648,0.648,2.5,3.9,0.636,4.4,8.2,12.7,1.4,0.7,1.5,1.4,2.5,16.6
harremo01,montrezl harrell,Montrezl Harrell,2019,LAC,C,25,82,5,26.3,6.7,10.8,0.615,0.0,0.2,0.176,6.6,10.6,0.623,0.617,3.2,5.0,0.643,2.2,4.3,6.5,2.0,0.9,1.3,1.6,3.1,16.6
richajo01,josh richardson,Josh Richardson,2019,MIA,SG,25,73,73,34.8,5.8,14.1,0.412,2.2,6.3,0.357,3.5,7.8,0.458,0.492,2.7,3.2,0.861,0.7,2.9,3.6,4.1,1.1,0.5,1.5,2.7,16.6
barneha02,harrison barnes,Harrison Barnes,2019,2TM,PF,26,77,77,32.9,5.6,13.3,0.42,2.3,5.7,0.395,3.3,7.6,0.439,0.504,3.0,3.6,0.824,0.7,3.9,4.7,1.5,0.6,0.2,1.3,1.6,16.4
aytonde01,deandre ayton,Deandre Ayton,2019,PHO,C,20,71,70,30.7,7.2,12.3,0.585,0.0,0.1,0.0,7.2,12.2,0.588,0.585,2.0,2.7,0.746,3.1,7.1,10.3,1.8,0.9,0.9,1.8,2.9,16.3
couside01,demarcus cousins,DeMarcus Cousins,2019,GSW,C,28,30,30,25.7,5.9,12.4,0.48,0.9,3.2,0.274,5.1,9.2,0.551,0.515,3.5,4.8,0.736,1.4,6.8,8.2,3.6,1.3,1.5,2.4,3.6,16.3
gordoer01,eric gordon,Eric Gordon,2019,HOU,SG,30,68,53,31.7,5.6,13.8,0.409,3.2,8.8,0.36,2.5,5.0,0.497,0.525,1.8,2.2,0.783,0.3,1.9,2.2,1.9,0.6,0.4,1.3,2.1,16.2
gordoaa01,aaron gordon,Aaron Gordon,2019,ORL,PF,23,78,78,33.8,6.0,13.4,0.449,1.6,4.4,0.349,4.5,9.0,0.499,0.507,2.4,3.2,0.731,1.7,5.7,7.4,3.7,0.7,0.7,2.1,2.2,16.0
bledser01,eric bledsoe,Eric Bledsoe,2019,MIL,PG,29,78,78,29.1,6.0,12.4,0.484,1.6,4.8,0.329,4.4,7.6,0.582,0.548,2.3,3.0,0.75,1.1,3.6,4.6,5.5,1.5,0.4,2.1,2.0,15.9
goberru01,rudy gobert,Rudy Gobert,2019,UTA,C,26,81,80,31.8,5.9,8.8,0.669,0.0,0.0,,5.9,8.8,0.669,0.669,4.1,6.4,0.636,3.8,9.0,12.9,2.0,0.8,2.3,1.6,2.9,15.9
tatumja01,jayson tatum,Jayson Tatum,2019,BOS,SF,20,79,79,31.1,5.9,13.1,0.45,1.5,3.9,0.373,4.4,9.2,0.483,0.506,2.5,2.9,0.855,0.9,5.2,6.0,2.1,1.1,0.7,1.5,2.1,15.7
valanjo01,jonas valanciunas,Jonas Valančiūnas,2019,2TM,C,26,49,27,22.3,6.1,11.0,0.559,0.3,1.0,0.292,5.9,10.0,0.586,0.572,3.0,3.8,0.795,2.2,6.4,8.6,1.4,0.4,1.1,1.8,3.0,15.6
brogdma01,malcolm brogdon,Malcolm Brogdon,2019,MIL,SG,26,64,64,28.6,5.9,11.7,0.505,1.6,3.8,0.426,4.3,7.9,0.544,0.575,2.2,2.4,0.928,1.0,3.5,4.5,3.2,0.7,0.2,1.4,1.6,15.6
nurkiju01,jusuf nurkic,Jusuf Nurkić,2019,POR,C,24,72,72,27.4,5.8,11.5,0.508,0.0,0.4,0.103,5.8,11.1,0.523,0.51,3.9,5.1,0.773,3.4,7.0,10.4,3.2,1.0,1.4,2.3,3.5,15.6
paulch01,chris paul,Chris Paul,2019,HOU,PG,33,58,58,32.0,5.2,12.4,0.419,2.2,6.1,0.358,3.0,6.3,0.479,0.508,3.0,3.5,0.862,0.6,3.9,4.6,8.2,2.0,0.3,2.6,2.5,15.6
schrode01,dennis schroder,Dennis Schröder,2019,OKC,PG,25,79,14,29.3,5.8,14.0,0.414,1.6,4.6,0.341,4.2,9.4,0.45,0.47,2.4,2.9,0.819,0.5,3.1,3.6,4.1,0.8,0.2,2.2,2.4,15.5
jacksre01,reggie jackson,Reggie Jackson,2019,DET,PG,28,82,82,27.9,5.4,12.8,0.421,2.1,5.7,0.369,3.3,7.0,0.464,0.504,2.5,2.9,0.864,0.5,2.1,2.6,4.2,0.7,0.1,1.8,2.5,15.4
lambje01,jeremy lamb,Jeremy Lamb,2019,CHO,SG,26,79,55,28.5,5.5,12.4,0.44,1.5,4.2,0.348,4.0,8.2,0.487,0.499,2.9,3.3,0.888,0.8,4.7,5.5,2.2,1.1,0.4,1.0,1.8,15.3
oubreke01,kelly oubre,Kelly Oubre Jr.,2019,2TM,SF,23,69,19,28.0,5.4,12.2,0.445,1.6,4.9,0.32,3.9,7.3,0.53,0.51,2.7,3.5,0.775,1.0,3.7,4.7,1.2,1.2,0.9,1.5,2.6,15.2
mirotni01,nikola mirotic,Nikola Mirotić,2019,2TM,PF,27,46,25,27.1,5.2,11.8,0.439,2.5,6.9,0.365,2.7,4.9,0.545,0.546,2.3,2.7,0.847,1.3,6.1,7.4,1.2,0.7,0.7,1.0,2.3,15.2
fournev01,evan fournier,Evan Fournier,2019,ORL,SG,26,81,81,31.5,5.8,13.2,0.438,1.9,5.6,0.34,3.9,7.6,0.509,0.509,1.7,2.1,0.806,0.5,2.7,3.2,3.6,0.9,0.1,1.9,2.8,15.1
rosste01,terrence ross,Terrence Ross,2019,ORL,SG,27,81,0,26.5,5.4,12.7,0.428,2.7,7.0,0.383,2.8,5.7,0.484,0.534,1.6,1.8,0.875,0.3,3.1,3.5,1.7,0.9,0.4,1.1,1.5,15.1
ibakase01,serge ibaka,Serge Ibaka,2019,TOR,C,29,74,51,27.2,6.3,11.9,0.529,0.7,2.3,0.29,5.6,9.6,0.586,0.557,1.8,2.4,0.763,2.1,6.0,8.1,1.3,0.4,1.4,1.5,2.9,15.0
wadedw01,dwyane wade,Dwyane Wade,2019,MIA,SG,37,72,2,26.2,5.8,13.3,0.433,1.2,3.6,0.33,4.6,9.7,0.472,0.478,2.3,3.2,0.708,1.0,3.0,4.0,4.2,0.8,0.5,2.3,1.6,15.0
baglema01,marvin bagley,Marvin Bagley III,2019,SAC,PF,19,62,4,25.3,5.7,11.4,0.504,0.5,1.5,0.313,5.3,9.8,0.534,0.525,2.9,4.2,0.691,2.6,5.0,7.6,1.0,0.5,1.0,1.6,1.9,14.9
mudiaem01,emmanuel mudiay,Emmanuel Mudiay,2019,NYK,PG,22,59,42,27.2,5.6,12.5,0.446,1.2,3.6,0.329,4.4,9.0,0.492,0.493,2.4,3.2,0.774,0.6,2.8,3.3,3.9,0.7,0.3,2.4,1.7,14.8
parkeja01,jabari parker,Jabari Parker,2019,2TM,PF,23,64,17,26.9,5.8,11.7,0.493,1.0,3.0,0.313,4.8,8.7,0.556,0.533,2.0,2.9,0.712,1.2,5.3,6.6,2.4,0.7,0.5,2.4,2.3,14.5
portibo01,bobby portis,Bobby Portis,2019,2TM,PF,23,50,28,26.0,5.6,12.6,0.444,1.5,3.8,0.393,4.1,8.7,0.467,0.504,1.5,1.9,0.794,2.2,5.9,8.1,1.4,0.7,0.4,1.5,2.9,14.2
lowryky01,kyle lowry,Kyle Lowry,2019,TOR,PG,32,65,65,34.0,4.7,11.4,0.411,2.4,7.0,0.347,2.3,4.4,0.514,0.518,2.5,3.0,0.83,0.6,4.2,4.8,8.7,1.4,0.5,2.8,2.6,14.2
bogdabo01,bogdan bogdanovic,Bogdan Bogdanović,2019,SAC,SG,26,70,17,27.8,5.2,12.3,0.418,1.9,5.3,0.36,3.2,7.0,0.462,0.496,1.9,2.3,0.827,0.6,2.9,3.5,3.8,1.0,0.2,1.7,2.0,14.1
sabondo01,domantas sabonis,Domantas Sabonis,2019,IND,C,22,74,5,24.8,5.6,9.5,0.59,0.1,0.2,0.529,5.5,9.2,0.592,0.596,2.8,3.9,0.715,2.5,6.8,9.3,2.9,0.6,0.4,2.2,3.2,14.1
porteot01,otto porter,Otto Porter Jr.,2019,2TM,SF,25,56,43,30.1,5.3,11.5,0.465,1.9,4.6,0.406,3.5,6.9,0.504,0.546,1.4,1.7,0.813,1.0,4.6,5.6,2.1,1.5,0.6,1.2,1.9,13.9
adamsst01,steven adams,Steven Adams,2019,OKC,C,25,80,80,33.4,6.0,10.1,0.595,0.0,0.0,0.0,6.0,10.1,0.596,0.595,1.8,3.7,0.5,4.9,4.6,9.5,1.6,1.5,1.0,1.7,2.6,13.9
morrima03,marcus morris,Marcus Morris,2019,BOS,PF,29,75,53,27.9,5.0,11.3,0.447,1.9,5.2,0.375,3.1,6.1,0.508,0.533,1.9,2.3,0.844,1.0,5.1,6.1,1.5,0.6,0.3,1.2,2.4,13.9
jacksja02,jaren jackson,Jaren Jackson Jr.,2019,MEM,PF,19,58,56,26.1,5.1,10.2,0.506,0.9,2.4,0.359,4.3,7.7,0.553,0.549,2.6,3.4,0.766,1.3,3.4,4.7,1.1,0.9,1.4,1.7,3.8,13.8
kanteen01,enes freedom,Enes Freedom,2019,2TM,C,26,67,31,24.5,5.6,10.2,0.549,0.1,0.5,0.294,5.4,9.7,0.562,0.556,2.3,2.9,0.787,3.8,6.0,9.8,1.7,0.5,0.4,1.8,2.5,13.7
dragigo01,goran dragic,Goran Dragić,2019,MIA,PG,32,36,22,27.5,5.0,12.0,0.413,1.6,4.6,0.348,3.4,7.5,0.454,0.479,2.2,2.8,0.782,0.6,2.5,3.1,4.8,0.8,0.1,2.0,2.3,13.7
gayru01,rudy gay,Rudy Gay,2019,SAS,PF,32,69,51,26.7,5.4,10.8,0.504,1.1,2.7,0.402,4.4,8.1,0.537,0.554,1.7,2.1,0.816,0.9,5.9,6.8,2.6,0.8,0.5,1.7,2.3,13.7
harrijo01,joe harris,Joe Harris,2019,BRK,SG,27,76,76,30.2,4.9,9.8,0.5,2.4,5.1,0.474,2.5,4.8,0.528,0.622,1.4,1.8,0.827,0.7,3.1,3.8,2.4,0.5,0.2,1.6,2.4,13.7
leverca01,caris levert,Caris LeVert,2019,BRK,SF,24,40,25,26.6,5.2,12.1,0.429,1.2,3.9,0.312,4.0,8.2,0.483,0.478,2.1,3.1,0.691,0.9,2.9,3.8,3.9,1.1,0.4,1.7,1.9,13.7
gasolma01,marc gasol,Marc Gasol,2019,2TM,C,34,79,72,30.8,4.9,11.0,0.448,1.3,3.5,0.363,3.7,7.6,0.487,0.505,2.4,3.2,0.759,1.0,6.9,7.9,4.4,1.1,1.1,2.0,2.7,13.6
smithde03,dennis smith,Dennis Smith Jr.,2019,2TM,PG,21,53,50,28.5,5.2,12.3,0.428,1.3,3.9,0.322,4.0,8.3,0.477,0.479,1.9,2.9,0.635,0.6,2.3,2.9,4.8,1.3,0.4,2.9,2.4,13.6
grantje01,jerami grant,Jerami Grant,2019,OKC,PF,24,80,77,32.7,5.1,10.3,0.497,1.4,3.7,0.392,3.7,6.6,0.555,0.567,2.0,2.8,0.71,1.2,4.0,5.2,1.0,0.8,1.3,0.8,2.7,13.6
horfoal01,al horford,Al Horford,2019,BOS,C,32,68,68,29.0,5.7,10.6,0.535,1.1,3.0,0.36,4.6,7.6,0.604,0.586,1.1,1.4,0.821,1.8,5.0,6.7,4.2,0.9,1.3,1.5,1.9,13.6
princta02,taurean prince,Taurean Prince,2019,ATL,SF,24,55,47,28.2,4.8,10.8,0.441,2.2,5.7,0.39,2.5,5.1,0.498,0.545,1.7,2.1,0.819,0.4,3.2,3.6,2.1,1.0,0.3,1.8,2.6,13.5
covinro01,robert covington,Robert Covington,2019,2TM,SF,28,35,35,34.4,4.5,10.3,0.431,2.4,6.4,0.378,2.0,3.9,0.518,0.548,1.9,2.5,0.764,0.8,4.7,5.5,1.3,2.1,1.3,1.3,3.6,13.3
turnemy01,myles turner,Myles Turner,2019,IND,C,22,74,74,28.6,5.1,10.5,0.487,1.0,2.6,0.388,4.1,7.9,0.521,0.536,2.0,2.7,0.736,1.4,5.8,7.2,1.6,0.8,2.7,1.4,2.6,13.3
brownja02,jaylen brown,Jaylen Brown,2019,BOS,SG,22,74,25,25.9,5.0,10.7,0.465,1.3,3.7,0.344,3.7,7.0,0.529,0.525,1.8,2.7,0.658,0.9,3.4,4.2,1.4,0.9,0.4,1.3,2.5,13.0
osmande01,cedi osman,Cedi Osman,2019,CLE,SF,23,76,75,32.2,4.7,11.1,0.427,1.7,4.9,0.348,3.0,6.2,0.489,0.504,1.9,2.4,0.779,0.6,4.1,4.7,2.6,0.8,0.1,1.5,2.6,13.0
harriga01,gary harris,Gary Harris,2019,DEN,SG,24,57,48,28.8,4.7,11.2,0.424,1.4,4.2,0.339,3.3,6.9,0.476,0.488,2.0,2.5,0.799,0.7,2.1,2.8,2.2,1.0,0.3,1.2,2.0,12.9
knoxke01,kevin knox,Kevin Knox,2019,NYK,PF,19,75,57,28.8,4.5,12.2,0.37,1.7,4.9,0.343,2.8,7.3,0.387,0.438,2.2,3.0,0.717,0.8,3.7,4.5,1.1,0.6,0.3,1.5,2.3,12.8
rubiori01,ricky rubio,Ricky Rubio,2019,UTA,PG,28,68,67,27.9,4.3,10.7,0.404,1.2,3.7,0.311,3.2,7.0,0.454,0.458,2.9,3.4,0.855,0.5,3.1,3.6,6.1,1.3,0.1,2.6,2.6,12.7
millspa01,paul millsap,Paul Millsap,2019,DEN,PF,33,70,65,27.1,4.6,9.5,0.484,0.8,2.3,0.365,3.8,7.2,0.522,0.528,2.6,3.6,0.727,2.2,5.0,7.2,2.0,1.2,0.8,1.4,2.6,12.6
winslju01,justise winslow,Justise Winslow,2019,MIA,SF,22,66,52,29.7,4.9,11.3,0.433,1.5,3.9,0.375,3.5,7.5,0.462,0.497,1.3,2.1,0.628,1.0,4.4,5.4,4.3,1.1,0.3,2.2,2.7,12.6
youngth01,thaddeus young,Thaddeus Young,2019,IND,PF,30,81,81,30.7,5.5,10.4,0.527,0.6,1.8,0.349,4.8,8.6,0.564,0.557,1.1,1.7,0.644,2.4,4.1,6.5,2.5,1.5,0.4,1.5,2.4,12.6
arizatr01,trevor ariza,Trevor Ariza,2019,2TM,SF,33,69,69,34.0,4.3,10.7,0.399,2.1,6.3,0.334,2.2,4.4,0.493,0.498,1.9,2.4,0.793,0.7,4.7,5.4,3.7,1.3,0.3,1.5,1.9,12.5
lopezbr01,brook lopez,Brook Lopez,2019,MIL,C,30,81,81,28.7,4.4,9.7,0.452,2.3,6.3,0.365,2.1,3.4,0.613,0.571,1.4,1.6,0.842,0.4,4.5,4.9,1.2,0.6,2.2,1.0,2.3,12.5
greenje02,jeff green,Jeff Green,2019,WAS,PF,32,77,44,27.2,4.2,8.9,0.475,1.4,4.2,0.347,2.8,4.8,0.586,0.555,2.4,2.7,0.888,0.7,3.3,4.0,1.8,0.6,0.5,1.3,2.1,12.3
whiteha01,hassan whiteside,Hassan Whiteside,2019,MIA,C,29,72,53,23.3,5.4,9.4,0.571,0.0,0.2,0.125,5.4,9.2,0.581,0.572,1.5,3.4,0.449,3.6,7.8,11.3,0.8,0.6,1.9,1.3,2.7,12.3
matthwe02,wesley matthews,Wesley Matthews,2019,3TM,SF,32,69,68,30.3,4.0,10.1,0.4,2.2,5.8,0.372,1.9,4.3,0.437,0.507,1.9,2.4,0.81,0.5,2.0,2.5,2.3,0.8,0.2,1.3,2.3,12.2
inglejo01,joe ingles,Joe Ingles,2019,UTA,PF,31,82,82,31.3,4.4,9.8,0.448,2.3,5.9,0.391,2.1,3.9,0.533,0.565,1.1,1.5,0.707,0.4,3.6,4.0,5.7,1.2,0.2,2.4,2.2,12.1
teaguje01,jeff teague,Jeff Teague,2019,MIN,PG,30,42,41,30.1,4.2,9.9,0.423,0.8,2.5,0.333,3.4,7.4,0.453,0.465,2.9,3.6,0.804,0.4,2.1,2.5,8.2,1.0,0.4,2.3,2.1,12.1
mcgeeja01,javale mcgee,JaVale McGee,2019,LAL,C,31,75,62,22.3,5.3,8.5,0.624,0.0,0.2,0.083,5.3,8.4,0.634,0.625,1.3,2.0,0.632,2.6,4.9,7.5,0.7,0.6,2.0,1.4,2.8,12.0
waitedi01,dion waiters,Dion Waiters,2019,MIA,SG,27,44,28,25.9,4.5,10.9,0.414,2.5,6.6,0.377,2.0,4.3,0.471,0.528,0.5,1.0,0.5,0.2,2.5,2.6,2.8,0.7,0.2,1.5,1.6,12.0
caulewi01,willie cauley stein,Willie Cauley-Stein,2019,SAC,C,25,81,81,27.3,5.1,9.1,0.556,0.0,0.0,0.5,5.1,9.1,0.556,0.557,1.7,3.1,0.551,2.2,6.1,8.4,2.4,1.2,0.6,1.0,2.8,11.9
crowdja01,jae crowder,Jae Crowder,2019,UTA,SF,28,80,11,27.1,4.0,10.0,0.399,2.2,6.5,0.331,1.8,3.4,0.527,0.508,1.8,2.5,0.721,0.8,4.1,4.8,1.7,0.8,0.4,1.1,2.1,11.9
mooreet01,etwaun moore,E'Twaun Moore,2019,NOP,SG,29,53,36,27.6,4.8,10.0,0.481,1.4,3.3,0.432,3.4,6.7,0.506,0.553,0.8,1.1,0.763,0.7,1.7,2.4,1.9,0.8,0.2,1.1,2.1,11.9
favorde01,derrick favors,Derrick Favors,2019,UTA,C,27,76,70,23.2,4.8,8.1,0.586,0.2,1.0,0.218,4.6,7.1,0.64,0.6,2.0,3.0,0.675,2.7,4.6,7.4,1.2,0.7,1.4,1.1,2.1,11.8
forbebr01,bryn forbes,Bryn Forbes,2019,SAS,SG,25,82,81,28.0,4.4,9.6,0.456,2.1,5.0,0.426,2.3,4.6,0.489,0.568,0.8,1.0,0.885,0.2,2.7,2.9,2.1,0.5,0.0,1.0,1.9,11.8
augusdj01,dj augustin,D.J. Augustin,2019,ORL,PG,31,81,81,28.0,3.9,8.4,0.47,1.6,3.8,0.421,2.3,4.5,0.511,0.566,2.2,2.6,0.866,0.5,2.0,2.5,5.3,0.6,0.0,1.6,1.4,11.7
bazemke01,kent bazemore,Kent Bazemore,2019,ATL,SG,29,67,35,24.5,4.1,10.3,0.402,1.4,4.5,0.32,2.7,5.8,0.465,0.472,1.9,2.6,0.726,0.6,3.3,3.9,2.3,1.3,0.6,1.8,2.5,11.6
bartowi01,will barton,Will Barton,2019,DEN,SF,28,43,38,27.7,4.3,10.7,0.402,1.6,4.6,0.342,2.7,6.1,0.447,0.475,1.3,1.7,0.77,0.7,3.9,4.6,2.9,0.4,0.5,1.5,1.9,11.5
haywago01,gordon hayward,Gordon Hayward,2019,BOS,PF,28,72,18,25.9,4.1,8.8,0.466,1.1,3.2,0.333,3.0,5.6,0.542,0.527,2.2,2.6,0.834,0.7,3.8,4.5,3.4,0.9,0.3,1.5,1.4,11.5
jacksjo02,josh jackson,Josh Jackson,2019,PHO,SG,21,79,29,25.2,4.4,10.6,0.413,0.9,2.8,0.324,3.5,7.8,0.445,0.456,1.8,2.7,0.671,0.8,3.6,4.4,2.3,0.9,0.7,2.2,2.6,11.5
caldwke01,kentavious caldwell pope,Kentavious Caldwell-Pope,2019,LAL,SG,25,82,23,24.8,4.0,9.2,0.43,1.8,5.3,0.347,2.1,3.9,0.542,0.53,1.7,1.9,0.867,0.6,2.3,2.9,1.3,0.9,0.2,0.8,1.7,11.4
bullore01,reggie bullock,Reggie Bullock,2019,2TM,SG,27,63,60,29.8,3.9,9.4,0.412,2.3,6.2,0.377,1.5,3.2,0.483,0.537,1.2,1.3,0.859,0.3,2.4,2.7,2.0,0.6,0.2,1.0,1.7,11.3
beaslma01,malik beasley,Malik Beasley,2019,DEN,SG,22,81,18,23.2,4.3,9.1,0.474,2.0,5.0,0.402,2.3,4.1,0.56,0.584,0.7,0.8,0.848,0.4,2.0,2.5,1.2,0.7,0.1,0.7,1.4,11.3
dunnkr01,kris dunn,Kris Dunn,2019,CHI,PG,24,46,44,30.2,4.7,11.0,0.425,0.7,2.1,0.354,3.9,8.9,0.441,0.458,1.2,1.5,0.797,0.4,3.7,4.1,6.0,1.5,0.5,2.3,3.6,11.3
hoodro01,rodney hood,Rodney Hood,2019,2TM,SG,26,72,49,26.3,4.1,9.3,0.435,1.2,3.3,0.356,2.9,6.0,0.478,0.498,1.9,2.2,0.884,0.3,1.8,2.2,1.8,0.8,0.2,0.8,2.0,11.2
collida01,darren collison,Darren Collison,2019,IND,PG,31,76,76,28.2,4.1,8.7,0.467,1.0,2.6,0.407,3.0,6.1,0.492,0.527,2.1,2.5,0.832,0.5,2.6,3.1,6.0,1.4,0.1,1.6,1.8,11.2
carrode01,demarre carroll,DeMarre Carroll,2019,BRK,PF,32,67,8,25.4,3.4,8.6,0.395,1.6,4.6,0.342,1.8,4.0,0.457,0.487,2.7,3.6,0.76,1.0,4.2,5.2,1.3,0.5,0.1,1.1,1.7,11.1
lenal01,alex len,Alex Len,2019,ATL,C,25,77,31,20.1,4.2,8.4,0.494,1.0,2.6,0.363,3.2,5.8,0.554,0.551,1.8,2.8,0.648,2.1,3.5,5.5,1.1,0.4,0.9,1.3,2.6,11.1
jordade01,deandre jordan,DeAndre Jordan,2019,2TM,C,30,69,69,29.7,4.1,6.5,0.641,0.0,0.0,,4.1,6.5,0.641,0.641,2.7,3.8,0.705,3.3,9.8,13.1,2.3,0.6,1.1,2.2,2.4,11.0
vanvlfr01,fred vanvleet,Fred VanVleet,2019,TOR,PG,24,64,28,27.5,3.8,9.4,0.41,1.8,4.6,0.378,2.1,4.8,0.441,0.503,1.5,1.8,0.843,0.3,2.3,2.6,4.8,0.9,0.3,1.3,1.7,11.0
burketr01,trey burke,Trey Burke,2019,2TM,PG,26,58,8,19.4,4.1,9.4,0.431,1.0,2.7,0.352,3.1,6.7,0.463,0.482,1.8,2.1,0.831,0.5,1.2,1.7,2.7,0.6,0.1,0.8,1.0,10.9
johnsty01,tyler johnson,Tyler Johnson,2019,2TM,PG,26,57,22,26.8,3.8,9.2,0.413,1.6,4.6,0.346,2.2,4.7,0.477,0.498,1.7,2.2,0.748,0.6,2.4,3.0,2.9,0.9,0.5,1.4,1.7,10.9
allenja01,jarrett allen,Jarrett Allen,2019,BRK,C,20,80,80,26.2,4.2,7.1,0.59,0.1,0.6,0.133,4.1,6.5,0.629,0.595,2.5,3.5,0.709,2.4,6.0,8.4,1.4,0.5,1.5,1.3,2.3,10.9
bareajo01,jj barea,J.J. Barea,2019,DAL,PG,34,38,0,19.8,4.2,10.1,0.418,1.0,3.4,0.297,3.2,6.8,0.479,0.468,1.4,2.1,0.705,0.3,2.2,2.5,5.6,0.6,0.0,1.9,1.3,10.9
thomptr01,tristan thompson,Tristan Thompson,2019,CLE,C,27,43,40,27.9,4.7,8.8,0.529,0.0,0.0,,4.7,8.8,0.529,0.529,1.6,2.5,0.642,4.0,6.2,10.2,2.0,0.7,0.4,1.4,2.1,10.9
trieral01,allonzo trier,Allonzo Trier,2019,NYK,SG,23,64,3,22.8,3.6,8.1,0.448,0.8,2.1,0.394,2.8,6.0,0.466,0.498,2.8,3.5,0.803,0.5,2.6,3.1,1.9,0.4,0.2,1.8,1.8,10.9
dedmode01,dewayne dedmon,Dewayne Dedmon,2019,ATL,C,29,64,52,25.1,4.0,8.2,0.492,1.3,3.4,0.382,2.8,4.8,0.57,0.571,1.4,1.8,0.814,1.6,5.9,7.5,1.4,1.1,1.1,1.3,3.3,10.8
gibsota01,taj gibson,Taj Gibson,2019,MIN,PF,33,70,57,24.1,4.3,7.7,0.566,0.2,0.5,0.324,4.2,7.2,0.583,0.576,1.9,2.5,0.757,2.5,4.1,6.5,1.2,0.8,0.6,1.0,2.7,10.8
gilgesh01,shai gilgeous alexander,Shai Gilgeous-Alexander,2019,LAC,PG,20,82,73,26.5,4.2,8.7,0.476,0.6,1.7,0.367,3.5,7.0,0.503,0.512,1.9,2.4,0.8,0.7,2.1,2.8,3.3,1.2,0.5,1.7,2.1,10.8
dotsoda01,damyean dotson,Damyean Dotson,2019,NYK,SG,24,73,40,27.5,4.0,9.6,0.415,1.7,4.7,0.368,2.2,4.9,0.461,0.506,1.0,1.3,0.745,0.5,3.1,3.6,1.8,0.8,0.1,1.0,1.8,10.7
saricda01,dario saric,Dario Šarić,2019,2TM,PF,24,81,41,25.0,3.8,8.6,0.437,1.5,4.0,0.365,2.3,4.6,0.499,0.522,1.6,1.9,0.88,1.6,4.1,5.6,1.6,0.6,0.1,1.2,2.2,10.6
paytoel01,elfrid payton,Elfrid Payton,2019,NOP,PG,24,42,42,29.8,4.3,9.8,0.434,0.8,2.5,0.314,3.5,7.3,0.476,0.475,1.3,1.8,0.743,1.2,4.1,5.2,7.6,1.0,0.4,2.7,1.9,10.6
poweldw01,dwight powell,Dwight Powell,2019,DAL,C,27,77,22,21.6,3.8,6.3,0.597,0.5,1.6,0.307,3.3,4.7,0.699,0.637,2.5,3.3,0.772,1.8,3.5,5.3,1.5,0.6,0.6,0.9,2.6,10.6
holidju01,justin holiday,Justin Holiday,2019,2TM,SG,29,82,77,31.8,3.7,9.5,0.386,2.0,5.7,0.348,1.7,3.8,0.442,0.49,1.2,1.3,0.896,0.6,3.4,3.9,1.8,1.5,0.4,1.3,2.0,10.5
belinma01,marco belinelli,Marco Belinelli,2019,SAS,SG,32,79,1,23.0,3.6,8.7,0.413,1.9,5.0,0.372,1.7,3.7,0.468,0.52,1.4,1.6,0.903,0.2,2.3,2.5,1.7,0.4,0.1,0.9,1.5,10.5
bryanth01,thomas bryant,Thomas Bryant,2019,WAS,C,21,72,53,20.8,4.3,7.0,0.616,0.5,1.4,0.333,3.8,5.6,0.685,0.648,1.5,1.9,0.781,1.6,4.7,6.3,1.3,0.3,0.9,0.8,1.8,10.5
farieke01,kenneth faried,Kenneth Faried,2019,2TM,C,29,37,13,19.7,4.2,7.2,0.589,0.2,0.7,0.32,4.0,6.5,0.617,0.604,1.7,2.7,0.646,2.6,4.1,6.8,0.5,0.5,0.6,0.9,2.2,10.4
morrimo01,monte morris,Monte Morris,2019,DEN,PG,23,82,6,24.0,4.2,8.6,0.493,1.1,2.8,0.414,3.1,5.8,0.531,0.56,0.8,1.0,0.802,0.4,1.9,2.4,3.6,0.9,0.0,0.6,1.2,10.4
ellinwa01,wayne ellington,Wayne Ellington,2019,2TM,SG,31,53,38,24.5,3.5,8.6,0.403,2.6,7.0,0.371,0.9,1.6,0.541,0.554,0.7,0.9,0.796,0.3,1.8,2.0,1.4,1.0,0.1,0.8,1.7,10.3
cartewe01,wendell carter,Wendell Carter Jr.,2019,CHI,C,19,44,44,25.2,4.1,8.4,0.485,0.1,0.7,0.188,4.0,7.7,0.513,0.493,2.0,2.5,0.795,2.0,5.0,7.0,1.8,0.6,1.3,1.5,3.5,10.3
greenda02,danny green,Danny Green,2019,TOR,SG,31,80,80,27.7,3.7,7.9,0.465,2.5,5.4,0.455,1.2,2.4,0.487,0.622,0.5,0.6,0.841,0.8,3.2,4.0,1.6,0.9,0.7,0.9,2.1,10.3
evansty01,tyreke evans,Tyreke Evans,2019,IND,SG,29,69,18,20.3,3.7,9.6,0.389,1.1,3.1,0.356,2.6,6.4,0.405,0.448,1.7,2.3,0.719,0.5,2.4,2.9,2.4,0.8,0.3,1.7,1.7,10.2
willima02,marvin williams,Marvin Williams,2019,CHO,PF,32,75,75,28.4,3.7,8.7,0.422,1.9,5.1,0.366,1.8,3.6,0.5,0.529,0.9,1.1,0.767,1.0,4.4,5.4,1.2,0.9,0.8,0.6,2.1,10.1
zelleco01,cody zeller,Cody Zeller,2019,CHO,C,26,49,47,25.4,3.9,7.0,0.551,0.1,0.4,0.273,3.8,6.6,0.57,0.559,2.3,2.9,0.787,2.2,4.6,6.8,2.1,0.8,0.8,1.3,3.3,10.1
olynyke01,kelly olynyk,Kelly Olynyk,2019,MIA,PF,27,79,36,22.9,3.3,7.1,0.463,1.4,4.0,0.354,1.9,3.1,0.604,0.563,1.9,2.3,0.822,0.9,3.8,4.7,1.8,0.7,0.5,1.4,2.3,10.0
bradlav01,avery bradley,Avery Bradley,2019,2TM,SG,28,63,63,30.2,3.9,9.7,0.408,1.4,3.9,0.351,2.6,5.8,0.446,0.479,0.7,0.8,0.86,0.7,2.1,2.8,2.4,0.7,0.3,1.4,2.7,9.9
balllo01,lonzo ball,Lonzo Ball,2019,LAL,PG,21,47,45,30.3,3.9,9.7,0.406,1.6,4.9,0.329,2.3,4.9,0.482,0.488,0.4,1.0,0.417,1.1,4.2,5.3,5.4,1.5,0.4,2.2,2.4,9.9
millspa02,patty mills,Patty Mills,2019,SAS,PG,30,82,1,23.3,3.4,8.1,0.425,1.9,4.9,0.394,1.5,3.2,0.475,0.545,1.1,1.3,0.854,0.3,1.9,2.2,3.0,0.6,0.1,1.1,1.6,9.9
whitede01,derrick white,Derrick White,2019,SAS,PG,24,67,55,25.8,3.9,8.1,0.479,0.7,2.1,0.338,3.2,6.0,0.529,0.523,1.4,1.8,0.772,0.5,3.2,3.7,3.9,1.0,0.7,1.4,2.2,9.9
huertke01,kevin huerter,Kevin Huerter,2019,ATL,SG,20,75,59,27.3,3.7,8.8,0.419,1.8,4.7,0.385,1.9,4.1,0.457,0.522,0.5,0.7,0.732,0.8,2.5,3.3,2.9,0.9,0.3,1.5,2.1,9.7
kennalu01,luke kennard,Luke Kennard,2019,DET,SG,22,63,10,22.8,3.6,8.3,0.438,1.7,4.3,0.394,1.9,4.0,0.486,0.54,0.8,1.0,0.836,0.2,2.7,2.9,1.8,0.4,0.2,0.9,1.5,9.7
linje01,jeremy lin,Jeremy Lin,2019,2TM,PG,30,74,4,19.4,3.2,7.3,0.44,0.7,2.5,0.294,2.5,4.8,0.517,0.491,2.4,2.8,0.838,0.3,2.1,2.4,3.1,0.6,0.2,1.7,1.9,9.6
bjeline01,nemanja bjelica,Nemanja Bjelica,2019,SAC,PF,30,77,70,23.2,3.7,7.7,0.479,1.3,3.3,0.401,2.4,4.4,0.539,0.566,0.9,1.2,0.761,1.6,4.1,5.8,1.9,0.7,0.7,1.1,2.6,9.6
crabbal01,allen crabbe,Allen Crabbe,2019,BRK,SG,26,43,20,26.3,3.2,8.7,0.367,2.3,6.0,0.378,0.9,2.7,0.342,0.499,1.0,1.3,0.732,0.4,3.1,3.4,1.1,0.5,0.3,1.1,2.4,9.6
isaacjo01,jonathan isaac,Jonathan Isaac,2019,ORL,PF,21,75,64,26.6,3.5,8.1,0.429,1.1,3.5,0.323,2.3,4.6,0.51,0.499,1.5,1.8,0.815,1.3,4.2,5.5,1.1,0.8,1.3,1.0,1.9,9.6
lopezro01,robin lopez,Robin Lopez,2019,CHI,C,30,74,36,21.7,4.1,7.2,0.568,0.1,0.4,0.226,4.0,6.8,0.589,0.575,1.2,1.7,0.724,1.9,2.0,3.9,1.2,0.1,1.1,1.3,1.7,9.5
parketo01,tony parker,Tony Parker,2019,CHO,PG,36,56,0,17.9,3.8,8.3,0.46,0.2,0.9,0.255,3.6,7.4,0.485,0.474,1.6,2.2,0.734,0.3,1.2,1.5,3.7,0.4,0.1,1.3,0.9,9.5
morrima02,markieff morris,Markieff Morris,2019,2TM,PF,29,58,16,21.9,3.5,8.3,0.421,1.2,3.5,0.335,2.3,4.8,0.484,0.492,1.2,1.6,0.772,1.1,3.5,4.6,1.4,0.6,0.4,0.9,3.0,9.4
greenja01,jamychal green,JaMychal Green,2019,2TM,PF,28,65,6,21.1,3.5,7.3,0.483,1.1,2.7,0.403,2.4,4.6,0.53,0.558,1.2,1.6,0.792,1.6,4.7,6.3,0.8,0.7,0.5,1.3,3.0,9.4
aminual01,al farouq aminu,Al-Farouq Aminu,2019,POR,PF,28,81,81,28.3,3.2,7.3,0.433,1.2,3.5,0.343,2.0,3.9,0.514,0.514,1.9,2.1,0.867,1.4,6.1,7.5,1.3,0.8,0.4,0.9,1.8,9.4
houseda01,danuel house,Danuel House Jr.,2019,HOU,SF,25,39,13,25.1,3.0,6.5,0.468,1.9,4.6,0.416,1.1,1.9,0.595,0.615,1.4,1.8,0.789,0.6,2.9,3.6,1.0,0.5,0.3,0.9,2.1,9.4
nancela02,larry nance,Larry Nance Jr.,2019,CLE,C,26,67,30,26.8,3.7,7.1,0.52,0.5,1.5,0.337,3.2,5.7,0.567,0.554,1.4,2.0,0.716,2.5,5.7,8.2,3.2,1.5,0.6,1.4,2.9,9.4
napiesh01,shabazz napier,Shabazz Napier,2019,BRK,PG,27,56,2,17.6,3.0,7.8,0.389,1.4,4.1,0.333,1.7,3.7,0.449,0.476,2.1,2.5,0.833,0.3,1.5,1.8,2.6,0.7,0.3,1.2,1.2,9.4
batumni01,nicolas batum,Nicolas Batum,2019,CHO,SF,30,75,72,31.4,3.4,7.5,0.45,1.5,4.0,0.389,1.8,3.5,0.519,0.553,1.0,1.2,0.865,0.9,4.3,5.2,3.3,0.9,0.6,1.6,1.9,9.3
brunsja01,jalen brunson,Jalen Brunson,2019,DAL,PG,22,73,38,21.8,3.6,7.7,0.467,0.9,2.5,0.348,2.8,5.3,0.523,0.523,1.2,1.6,0.725,0.3,2.0,2.3,3.2,0.5,0.1,1.2,1.7,9.3
carusal01,alex caruso,Alex Caruso,2019,LAL,PG,24,25,4,21.2,3.1,6.9,0.445,1.0,2.0,0.48,2.1,4.9,0.431,0.514,2.0,2.6,0.797,0.8,1.9,2.7,3.1,1.0,0.4,1.7,2.2,9.2
greenge01,gerald green,Gerald Green,2019,HOU,SG,33,73,0,20.2,3.2,7.9,0.4,2.1,6.0,0.354,1.0,1.9,0.547,0.535,0.8,0.9,0.838,0.4,2.1,2.5,0.5,0.5,0.4,0.8,1.7,9.2
rondora01,rajon rondo,Rajon Rondo,2019,LAL,PG,32,46,29,29.8,3.8,9.4,0.405,1.1,3.1,0.359,2.7,6.3,0.428,0.464,0.5,0.8,0.639,0.7,4.5,5.3,8.0,1.2,0.2,2.8,2.2,9.2
shamela01,landry shamet,Landry Shamet,2019,2TM,SG,21,79,27,22.8,3.0,7.1,0.431,2.1,5.0,0.422,0.9,2.0,0.453,0.581,0.9,1.2,0.806,0.3,1.4,1.7,1.5,0.5,0.1,0.6,2.0,9.1
roziete01,terry rozier,Terry Rozier,2019,BOS,PG,24,79,14,22.7,3.3,8.4,0.387,1.5,4.3,0.353,1.8,4.2,0.422,0.477,0.9,1.2,0.785,0.4,3.5,3.9,2.9,0.9,0.3,0.9,1.3,9.0
zubaciv01,ivica zubac,Ivica Zubac,2019,2TM,C,21,59,37,17.6,3.6,6.4,0.559,0.0,0.0,,3.6,6.4,0.559,0.559,1.7,2.1,0.802,1.9,4.2,6.1,1.1,0.2,0.9,1.2,2.3,8.9
adebaba01,bam adebayo,Bam Adebayo,2019,MIA,C,21,82,28,23.3,3.4,5.9,0.576,0.0,0.2,0.2,3.4,5.7,0.588,0.579,2.0,2.8,0.735,2.0,5.3,7.3,2.2,0.9,0.8,1.5,2.5,8.9
holliro01,rondae hollis jefferson,Rondae Hollis-Jefferson,2019,BRK,SF,24,59,21,20.9,3.4,8.3,0.411,0.2,0.8,0.184,3.2,7.4,0.436,0.42,2.0,3.1,0.645,1.4,3.8,5.3,1.6,0.7,0.5,1.2,1.8,8.9
monkma01,malik monk,Malik Monk,2019,CHO,SG,20,73,0,17.2,3.1,8.0,0.387,1.5,4.5,0.33,1.6,3.5,0.461,0.48,1.2,1.4,0.882,0.2,1.7,1.9,1.6,0.5,0.3,1.2,1.5,8.9
satorto01,tomas satoransky,Tomáš Satoranský,2019,WAS,PG,27,80,54,27.1,3.2,6.6,0.485,0.8,2.0,0.395,2.4,4.6,0.524,0.545,1.6,2.0,0.819,1.0,2.5,3.5,5.0,1.0,0.2,1.5,2.2,8.9
smartma01,marcus smart,Marcus Smart,2019,BOS,SG,24,80,60,27.5,3.0,7.1,0.422,1.6,4.3,0.364,1.4,2.8,0.511,0.533,1.3,1.6,0.806,0.7,2.2,2.9,4.0,1.8,0.4,1.5,2.5,8.9
smithis01,ish smith,Ish Smith,2019,DET,PG,30,56,0,22.3,3.7,8.7,0.419,0.8,2.4,0.326,2.9,6.3,0.455,0.464,0.8,1.1,0.758,0.4,2.2,2.6,3.6,0.5,0.2,1.1,1.9,8.9
burksal01,alec burks,Alec Burks,2019,3TM,SG,27,64,24,21.5,3.0,7.4,0.405,1.0,2.6,0.363,2.0,4.8,0.428,0.469,1.8,2.2,0.823,0.5,3.2,3.7,2.0,0.6,0.3,1.0,1.4,8.8
hezonma01,mario hezonja,Mario Hezonja,2019,NYK,SF,23,58,24,20.8,3.3,8.0,0.412,0.7,2.6,0.276,2.6,5.4,0.478,0.457,1.5,2.0,0.763,0.5,3.6,4.1,1.5,1.0,0.1,1.5,1.9,8.8
wrighde01,delon wright,Delon Wright,2019,2TM,PG,26,75,13,22.7,3.2,7.4,0.434,0.7,2.2,0.298,2.6,5.2,0.492,0.478,1.6,2.0,0.793,0.9,2.6,3.5,3.3,1.2,0.4,1.0,1.4,8.7
korveky01,kyle korver,Kyle Korver,2019,2TM,SG,37,70,0,19.1,2.9,6.9,0.416,2.0,5.0,0.397,0.9,1.9,0.467,0.559,0.9,1.0,0.822,0.1,2.2,2.3,1.2,0.4,0.2,0.8,1.5,8.6
kaminfr01,frank kaminsky,Frank Kaminsky,2019,CHO,C,25,47,0,16.1,2.9,6.3,0.463,1.1,3.0,0.36,1.9,3.4,0.553,0.547,1.7,2.3,0.738,0.8,2.6,3.5,1.3,0.3,0.3,0.9,1.4,8.6
powelno01,norman powell,Norman Powell,2019,TOR,SG,25,60,3,18.8,3.2,6.7,0.483,1.1,2.8,0.4,2.1,3.8,0.543,0.568,1.0,1.3,0.827,0.3,2.1,2.3,1.5,0.7,0.2,1.1,1.6,8.6
kurucro01,rodions kurucs,Rodions Kurucs,2019,BRK,SF,20,63,46,20.5,3.2,7.1,0.45,0.9,2.9,0.315,2.3,4.2,0.543,0.514,1.1,1.5,0.783,0.9,3.0,3.9,0.8,0.7,0.4,1.2,2.3,8.5
lylestr01,trey lyles,Trey Lyles,2019,DEN,PF,23,64,2,17.5,3.2,7.7,0.418,0.8,3.1,0.255,2.4,4.6,0.529,0.47,1.3,1.8,0.698,0.7,3.2,3.8,1.4,0.5,0.4,1.1,1.5,8.5
bembrde01,deandre bembry,DeAndre' Bembry,2019,ATL,SG,24,82,15,23.5,3.4,7.5,0.446,0.6,2.1,0.289,2.7,5.4,0.508,0.487,1.1,1.7,0.64,0.7,3.7,4.4,2.5,1.3,0.5,1.7,2.3,8.4
gallola01,langston galloway,Langston Galloway,2019,DET,SG,27,80,4,21.8,2.9,7.3,0.388,1.7,4.8,0.355,1.2,2.6,0.449,0.503,1.0,1.2,0.844,0.6,1.5,2.1,1.1,0.5,0.1,0.3,1.7,8.4
vonleno01,noah vonleh,Noah Vonleh,2019,NYK,PF,23,68,57,25.3,3.0,6.5,0.47,0.7,2.0,0.336,2.4,4.5,0.531,0.523,1.6,2.3,0.712,1.7,6.1,7.8,1.9,0.7,0.8,1.3,2.6,8.4
bridgmi01,mikal bridges,Mikal Bridges,2019,PHO,SF,22,82,56,29.5,3.0,6.9,0.43,1.3,3.8,0.335,1.7,3.0,0.548,0.523,1.2,1.4,0.805,0.7,2.5,3.2,2.1,1.6,0.5,0.9,2.5,8.3
cabocbr01,bruno caboclo,Bruno Caboclo,2019,MEM,PF,23,34,19,23.5,2.8,6.6,0.427,1.4,3.8,0.369,1.4,2.8,0.505,0.533,1.2,1.5,0.84,1.2,3.4,4.6,1.5,0.4,1.0,1.1,2.4,8.3
woodch01,christian wood,Christian Wood,2019,2TM,PF,23,21,2,12.0,2.9,5.6,0.521,0.4,1.2,0.346,2.5,4.3,0.571,0.56,2.0,2.7,0.732,0.8,3.1,4.0,0.4,0.3,0.5,0.8,0.8,8.2
holmeri01,richaun holmes,Richaun Holmes,2019,PHO,C,25,70,4,16.9,3.2,5.2,0.608,0.0,0.0,,3.2,5.2,0.608,0.608,1.8,2.5,0.731,1.6,3.1,4.7,0.9,0.6,1.1,0.7,2.8,8.2
milleda01,darius miller,Darius Miller,2019,NOP,SF,28,69,15,25.5,2.7,7.0,0.39,1.9,5.3,0.365,0.8,1.7,0.467,0.528,0.8,1.0,0.789,0.2,1.7,1.9,2.1,0.6,0.3,0.9,2.4,8.2
okafoja01,jahlil okafor,Jahlil Okafor,2019,NOP,C,23,59,24,15.8,3.6,6.1,0.586,0.0,0.1,0.2,3.6,6.1,0.591,0.587,1.0,1.5,0.663,1.4,3.3,4.7,0.7,0.3,0.7,0.9,1.6,8.2
riverau01,austin rivers,Austin Rivers,2019,2TM,SG,26,76,15,26.7,3.1,7.5,0.406,1.4,4.3,0.318,1.7,3.2,0.522,0.497,0.7,1.3,0.526,0.3,1.8,2.1,2.2,0.6,0.3,0.9,2.7,8.1
jacksfr01,frank jackson,Frank Jackson,2019,NOP,PG,20,61,16,19.2,3.2,7.3,0.434,0.9,2.8,0.314,2.3,4.6,0.507,0.493,0.9,1.2,0.74,0.4,1.8,2.2,1.1,0.4,0.0,0.8,1.5,8.1
anderky01,kyle anderson,Kyle Anderson,2019,MEM,SF,25,43,40,29.8,3.5,6.4,0.543,0.2,0.8,0.265,3.3,5.6,0.583,0.56,0.9,1.5,0.578,1.1,4.7,5.8,3.0,1.3,0.9,1.3,2.6,8.0
bertada01,davis bertans,Dāvis Bertāns,2019,SAS,PF,26,76,12,21.5,2.7,6.0,0.45,1.9,4.4,0.429,0.8,1.5,0.513,0.61,0.7,0.8,0.883,0.3,3.2,3.5,1.3,0.5,0.4,0.6,1.8,8.0
crawfja01,jamal crawford,Jamal Crawford,2019,PHO,SG,38,64,0,18.9,2.7,6.8,0.397,1.0,3.2,0.332,1.7,3.7,0.453,0.474,1.5,1.7,0.845,0.1,1.2,1.3,3.6,0.5,0.2,1.5,1.2,7.9
curryse01,seth curry,Seth Curry,2019,POR,SG,28,74,2,18.9,2.9,6.3,0.456,1.5,3.4,0.45,1.3,2.9,0.463,0.577,0.6,0.7,0.846,0.4,1.3,1.6,0.9,0.5,0.2,0.8,1.3,7.9
templga01,garrett temple,Garrett Temple,2019,2TM,SG,32,75,55,27.2,2.8,6.6,0.422,1.2,3.5,0.341,1.6,3.1,0.515,0.513,1.1,1.4,0.748,0.4,2.5,2.9,1.4,1.0,0.4,0.9,2.7,7.8
hartjo01,josh hart,Josh Hart,2019,LAL,SG,23,67,22,25.6,2.8,6.9,0.407,1.4,4.1,0.336,1.4,2.8,0.511,0.506,0.8,1.2,0.688,0.5,3.2,3.7,1.4,1.0,0.6,0.9,2.2,7.8
johnsja01,james johnson,James Johnson,2019,MIA,PF,31,55,33,21.2,3.0,6.9,0.433,0.9,2.7,0.336,2.1,4.2,0.496,0.499,0.9,1.3,0.714,0.4,2.8,3.2,2.5,0.6,0.5,1.3,2.1,7.8
plumlma01,mason plumlee,Mason Plumlee,2019,DEN,C,28,82,17,21.1,3.2,5.4,0.593,0.0,0.1,0.2,3.2,5.3,0.602,0.595,1.4,2.4,0.561,2.0,4.4,6.4,3.0,0.8,0.9,1.5,3.1,7.8
zizican01,ante zizic,Ante Žižić,2019,CLE,C,22,59,25,18.3,3.1,5.6,0.553,0.0,0.0,,3.1,5.6,0.553,0.553,1.6,2.2,0.705,1.8,3.6,5.4,0.9,0.2,0.4,1.0,1.9,7.8
harklma01,maurice harkless,Maurice Harkless,2019,POR,SF,25,60,53,23.6,3.2,6.5,0.487,0.6,2.0,0.275,2.6,4.5,0.582,0.53,0.8,1.2,0.671,1.3,3.2,4.5,1.2,1.1,0.9,0.8,2.7,7.7
okogijo01,josh okogie,Josh Okogie,2019,MIN,SG,20,74,52,23.7,2.6,6.9,0.386,0.8,2.9,0.279,1.8,4.0,0.464,0.445,1.6,2.2,0.728,0.6,2.4,2.9,1.2,1.2,0.4,0.9,2.2,7.7
hillge01,george hill,George Hill,2019,2TM,PG,32,60,13,21.7,2.8,6.3,0.452,0.8,2.6,0.314,2.0,3.7,0.547,0.516,1.2,1.4,0.824,0.7,1.8,2.5,2.3,0.9,0.1,0.9,1.7,7.6
beverpa01,patrick beverley,Patrick Beverley,2019,LAC,PG,30,78,49,27.4,2.5,6.1,0.407,1.4,3.6,0.397,1.1,2.5,0.421,0.524,1.2,1.6,0.78,1.0,4.0,5.0,3.8,0.9,0.6,1.1,3.4,7.6
laymaja01,jake layman,Jake Layman,2019,POR,SF,24,71,33,18.7,3.0,6.0,0.509,0.8,2.5,0.326,2.2,3.4,0.646,0.579,0.7,1.0,0.704,0.8,2.3,3.1,0.7,0.4,0.4,0.6,1.6,7.6
mcgruro01,rodney mcgruder,Rodney McGruder,2019,MIA,SG,27,66,45,23.5,2.8,7.0,0.403,1.2,3.4,0.351,1.6,3.6,0.453,0.489,0.8,1.1,0.722,0.9,2.7,3.6,1.7,0.5,0.2,1.0,1.7,7.6
shumpim01,iman shumpert,Iman Shumpert,2019,2TM,SG,28,62,41,23.9,2.7,7.2,0.374,1.5,4.4,0.348,1.2,2.8,0.416,0.481,0.6,0.7,0.8,0.4,2.5,3.0,1.8,1.0,0.4,0.8,2.0,7.5
macksh01,shelvin mack,Shelvin Mack,2019,2TM,PG,28,57,3,21.9,2.9,7.1,0.404,0.8,2.3,0.354,2.1,4.8,0.429,0.462,1.0,1.5,0.69,0.3,1.5,1.8,3.2,0.8,0.1,1.2,1.5,7.5
bridgmi02,miles bridges,Miles Bridges,2019,CHO,SF,20,80,25,21.2,3.0,6.4,0.464,0.8,2.5,0.325,2.2,3.9,0.553,0.527,0.7,1.0,0.753,0.8,3.2,4.0,1.2,0.7,0.6,0.6,1.4,7.5
finnedo01,dorian finney smith,Dorian Finney-Smith,2019,DAL,SF,25,81,26,24.5,2.8,6.5,0.432,1.0,3.1,0.311,1.8,3.4,0.544,0.507,0.9,1.3,0.709,1.7,3.1,4.8,1.2,0.9,0.4,0.9,2.3,7.5
parsoch01,chandler parsons,Chandler Parsons,2019,MEM,SF,30,25,3,19.8,2.7,7.3,0.374,1.2,3.8,0.309,1.6,3.5,0.443,0.453,0.9,1.0,0.88,0.2,2.6,2.8,1.7,0.8,0.2,1.3,1.8,7.5
cartevi01,vince carter,Vince Carter,2019,ATL,PF,42,76,9,17.5,2.6,6.2,0.419,1.6,4.2,0.389,1.0,2.0,0.48,0.55,0.6,0.9,0.712,0.4,2.1,2.6,1.1,0.6,0.4,0.6,1.9,7.4
greendr01,draymond green,Draymond Green,2019,GSW,PF,28,66,66,31.3,2.8,6.4,0.445,0.7,2.5,0.285,2.1,3.9,0.549,0.501,1.0,1.4,0.692,0.9,6.4,7.3,6.9,1.4,1.1,2.6,3.0,7.4
marjabo01,boban marjanovic,Boban Marjanović,2019,2TM,C,30,58,12,11.7,2.8,4.5,0.615,0.1,0.2,0.4,2.7,4.3,0.624,0.623,1.7,2.3,0.748,1.5,3.1,4.6,0.9,0.3,0.5,1.0,1.6,7.3
bacondw01,dwayne bacon,Dwayne Bacon,2019,CHO,SG,23,43,13,17.7,2.8,6.0,0.475,0.9,2.0,0.437,2.0,4.0,0.494,0.549,0.8,1.1,0.739,0.2,1.9,2.1,1.1,0.3,0.1,0.4,1.7,7.3
blakean01,antonio blakeney,Antonio Blakeney,2019,CHI,SG,22,57,3,14.5,2.9,6.9,0.419,0.6,1.6,0.396,2.3,5.4,0.426,0.465,0.9,1.3,0.658,0.1,1.7,1.9,0.7,0.2,0.2,0.6,0.7,7.3
hernawi01,willy hernangomez,Willy Hernangómez,2019,CHO,C,24,58,3,14.0,2.6,5.1,0.519,0.3,0.7,0.385,2.4,4.4,0.539,0.544,1.7,2.5,0.694,2.0,3.3,5.4,1.0,0.3,0.3,1.0,1.7,7.3
mcderdo01,doug mcdermott,Doug McDermott,2019,IND,SF,27,77,1,17.4,2.7,5.5,0.491,1.1,2.7,0.408,1.6,2.8,0.569,0.59,0.9,1.0,0.835,0.2,1.2,1.4,0.9,0.2,0.1,0.5,1.4,7.3
nowitdi01,dirk nowitzki,Dirk Nowitzki,2019,DAL,PF,40,51,20,15.6,2.6,7.4,0.359,1.3,4.0,0.312,1.4,3.4,0.415,0.444,0.8,1.0,0.78,0.1,3.0,3.1,0.7,0.2,0.4,0.4,1.5,7.3
robinmi01,mitchell robinson,Mitchell Robinson,2019,NYK,C,20,66,19,20.6,3.1,4.4,0.694,0.0,0.0,,3.1,4.4,0.694,0.694,1.2,2.0,0.6,2.7,3.7,6.4,0.6,0.8,2.4,0.5,3.3,7.3
tuckepj01,pj tucker,P.J. Tucker,2019,HOU,PF,33,82,82,34.2,2.5,6.4,0.396,1.8,4.7,0.377,0.7,1.7,0.449,0.535,0.5,0.7,0.695,1.5,4.4,5.8,1.2,1.6,0.5,0.8,3.1,7.3
jacksju01,justin jackson,Justin Jackson,2019,2TM,SF,23,81,14,19.9,2.7,6.0,0.447,1.1,3.0,0.355,1.6,3.0,0.542,0.537,0.8,1.0,0.785,0.5,2.1,2.6,1.2,0.4,0.2,0.4,1.2,7.2
stephla01,lance stephenson,Lance Stephenson,2019,LAL,SG,28,68,3,16.5,2.7,6.4,0.426,1.1,2.9,0.371,1.6,3.5,0.472,0.51,0.7,1.1,0.685,0.5,2.7,3.2,2.1,0.6,0.1,1.3,1.6,7.2
denglu01,luol deng,Luol Deng,2019,MIN,SF,33,22,2,17.8,2.7,5.4,0.5,0.6,2.0,0.318,2.0,3.4,0.608,0.559,1.1,1.6,0.714,0.9,2.4,3.3,0.8,0.7,0.4,0.6,1.1,7.1
noahjo01,joakim noah,Joakim Noah,2019,MEM,C,33,42,1,16.5,2.6,5.1,0.516,0.0,0.0,0.0,2.6,5.0,0.519,0.516,1.9,2.6,0.716,1.4,4.3,5.7,2.1,0.5,0.7,1.2,2.3,7.1
muscami01,mike muscala,Mike Muscala,2019,2TM,PF,27,64,10,20.4,2.3,5.6,0.402,1.4,4.0,0.348,0.9,1.6,0.533,0.525,1.1,1.3,0.824,0.9,2.9,3.8,1.2,0.3,0.6,0.8,2.0,7.0
anunoog01,og anunoby,OG Anunoby,2019,TOR,SF,21,67,6,20.2,2.7,6.0,0.453,1.0,3.0,0.332,1.7,3.0,0.574,0.536,0.5,0.9,0.581,0.9,2.1,2.9,0.7,0.7,0.3,0.8,2.1,7.0
beaslmi01,michael beasley,Michael Beasley,2019,LAL,PF,30,26,2,10.7,2.9,5.9,0.49,0.1,0.7,0.176,2.8,5.2,0.529,0.5,1.1,1.5,0.718,0.5,1.8,2.3,1.0,0.3,0.4,1.0,1.6,7.0
gilesha01,harry giles,Harry Giles,2019,SAC,PF,20,58,0,14.1,3.0,6.0,0.503,0.0,0.1,0.0,3.0,5.9,0.512,0.503,1.0,1.6,0.637,1.1,2.7,3.8,1.5,0.5,0.4,1.3,2.6,7.0
jonesde02,derrick jones,Derrick Jones Jr.,2019,MIA,SF,21,60,14,19.2,2.7,5.4,0.494,0.5,1.5,0.308,2.2,3.9,0.567,0.537,1.2,2.0,0.607,1.6,2.4,4.0,0.6,0.8,0.7,0.7,2.1,7.0
kornelu01,luke kornet,Luke Kornet,2019,NYK,C,23,46,18,17.0,2.3,6.2,0.378,1.5,4.2,0.363,0.8,2.0,0.411,0.502,0.8,1.0,0.826,0.6,2.3,2.9,1.2,0.6,0.9,0.5,0.9,7.0
seldewa01,wayne selden,Wayne Selden,2019,2TM,SG,24,75,13,19.2,2.6,6.4,0.406,0.7,2.3,0.316,1.9,4.1,0.456,0.463,0.9,1.2,0.728,0.5,1.9,2.4,1.5,0.4,0.2,1.1,1.7,6.9
johnsst04,stanley johnson,Stanley Johnson,2019,2TM,SF,22,66,7,18.3,2.6,6.7,0.389,0.9,3.3,0.288,1.7,3.4,0.484,0.459,0.8,1.0,0.781,0.5,2.8,3.3,1.3,0.9,0.2,1.2,1.7,6.9
connapa01,pat connaughton,Pat Connaughton,2019,MIL,SG,26,61,2,20.7,2.7,5.7,0.466,1.1,3.3,0.33,1.6,2.5,0.647,0.56,0.5,0.7,0.725,1.0,3.2,4.2,2.0,0.5,0.4,0.5,1.3,6.9
cookqu01,quinn cook,Quinn Cook,2019,GSW,PG,25,74,10,14.3,2.8,5.9,0.465,1.1,2.7,0.405,1.7,3.2,0.515,0.557,0.3,0.4,0.769,0.3,1.8,2.1,1.6,0.3,0.0,0.7,1.2,6.9
exumda01,dante exum,Danté Exum,2019,UTA,PG,23,42,1,15.8,2.4,5.7,0.419,0.4,1.5,0.29,2.0,4.3,0.464,0.456,1.6,2.0,0.791,0.4,1.2,1.6,2.6,0.3,0.1,1.2,1.6,6.9
fergute01,terrance ferguson,Terrance Ferguson,2019,OKC,SG,20,74,74,26.1,2.5,5.8,0.429,1.4,3.9,0.366,1.1,1.9,0.56,0.552,0.5,0.7,0.725,0.4,1.5,1.9,1.0,0.5,0.2,0.6,3.1,6.9
jonesty01,tyus jones,Tyus Jones,2019,MIN,PG,22,68,23,22.9,2.7,6.6,0.415,0.6,1.9,0.317,2.1,4.7,0.453,0.46,0.9,1.0,0.841,0.3,1.6,2.0,4.8,1.2,0.1,0.7,1.1,6.9
knighbr03,brandon knight,Brandon Knight,2019,2TM,PG,27,39,26,18.9,2.5,6.7,0.381,1.1,3.3,0.318,1.5,3.4,0.443,0.46,0.7,0.9,0.794,0.3,1.3,1.5,1.8,0.5,0.1,0.8,1.6,6.8
ilyaser01,ersan ilyasova,Ersan İlyasova,2019,MIL,PF,31,67,7,18.4,2.5,5.7,0.438,0.9,2.4,0.363,1.6,3.3,0.493,0.514,0.9,1.1,0.824,1.4,3.1,4.5,0.8,0.5,0.3,0.7,2.6,6.8
klebima01,maxi kleber,Maxi Kleber,2019,DAL,PF,27,71,18,21.2,2.5,5.4,0.453,1.1,3.1,0.353,1.4,2.4,0.583,0.553,0.8,1.0,0.784,1.3,3.4,4.6,1.0,0.5,1.1,0.8,2.0,6.8
turneev01,evan turner,Evan Turner,2019,POR,PG,30,73,2,22.0,2.8,6.1,0.46,0.2,0.7,0.212,2.6,5.4,0.494,0.473,1.0,1.5,0.708,0.5,4.0,4.5,3.9,0.5,0.2,1.6,1.5,6.8
ennisja01,james ennis,James Ennis III,2019,2TM,SF,28,58,27,21.2,2.4,5.1,0.469,0.9,2.7,0.353,1.4,2.4,0.601,0.563,1.0,1.4,0.716,1.0,2.1,3.1,0.7,0.7,0.4,0.6,2.6,6.7
arcidry01,ryan arcidiacono,Ryan Arcidiacono,2019,CHI,PG,24,81,32,24.2,2.3,5.2,0.447,1.0,2.7,0.373,1.3,2.5,0.527,0.544,1.1,1.3,0.873,0.3,2.4,2.7,3.3,0.8,0.0,0.8,2.1,6.7
clarkia01,ian clark,Ian Clark,2019,NOP,SG,27,60,6,16.2,2.5,6.4,0.394,1.1,3.4,0.327,1.4,3.0,0.47,0.48,0.6,0.6,0.892,0.2,1.3,1.5,1.6,0.4,0.1,1.0,1.6,6.7
kiddgmi01,michael kidd gilchrist,Michael Kidd-Gilchrist,2019,CHO,PF,25,64,3,18.4,2.5,5.2,0.476,0.3,0.7,0.34,2.2,4.5,0.498,0.5,1.5,1.9,0.772,1.4,2.5,3.8,1.0,0.5,0.6,0.7,2.4,6.7
brookma01,marshon brooks,MarShon Brooks,2019,MEM,SG,30,29,0,13.3,2.6,5.8,0.45,0.5,1.9,0.278,2.1,4.0,0.53,0.494,0.8,1.1,0.697,0.4,1.1,1.6,0.9,0.3,0.1,0.7,1.1,6.6
colliza01,zach collins,Zach Collins,2019,POR,C,21,77,0,17.6,2.5,5.2,0.473,0.5,1.6,0.331,1.9,3.6,0.534,0.523,1.2,1.6,0.746,1.4,2.8,4.2,0.9,0.3,0.9,1.0,2.3,6.6
simmojo02,jonathon simmons,Jonathon Simmons,2019,2TM,SF,29,56,9,19.0,2.4,6.3,0.38,0.5,1.9,0.269,1.9,4.4,0.427,0.42,1.3,1.7,0.742,0.5,1.8,2.3,2.3,0.5,0.3,1.2,1.6,6.5
harrish01,shaquille harrison,Shaquille Harrison,2019,CHI,SG,25,73,11,19.6,2.5,5.8,0.432,0.3,1.2,0.27,2.2,4.6,0.475,0.46,1.1,1.7,0.667,0.5,2.6,3.0,1.9,1.2,0.4,0.8,1.7,6.5
josepco01,cory joseph,Cory Joseph,2019,IND,PG,27,82,9,25.2,2.8,6.7,0.412,0.7,2.1,0.322,2.1,4.6,0.454,0.463,0.4,0.5,0.698,0.5,2.9,3.4,3.9,1.1,0.3,1.0,1.6,6.5
nwabada01,david nwaba,David Nwaba,2019,CLE,SF,26,51,14,19.3,2.5,5.1,0.481,0.5,1.5,0.32,2.0,3.7,0.545,0.527,1.1,1.7,0.682,0.8,2.4,3.2,1.1,0.7,0.3,0.6,2.1,6.5
willijo04,johnathan williams,Johnathan Williams,2019,LAL,C,23,24,0,15.5,2.7,4.6,0.591,0.0,0.1,0.0,2.7,4.5,0.602,0.591,1.1,2.0,0.563,2.0,2.1,4.1,0.5,0.3,0.3,0.7,2.6,6.5
milescj01,cj miles,C.J. Miles,2019,2TM,SF,31,53,1,16.2,2.1,5.9,0.36,1.3,3.8,0.33,0.8,2.0,0.417,0.468,0.9,1.1,0.828,0.2,1.5,1.8,0.7,0.5,0.3,0.6,1.5,6.4
brownst02,sterling brown,Sterling Brown,2019,MIL,SG,23,58,7,17.8,2.5,5.4,0.465,0.9,2.5,0.361,1.6,2.8,0.558,0.55,0.5,0.7,0.69,0.5,2.7,3.2,1.4,0.4,0.1,0.8,1.5,6.4
dienggo01,gorgui dieng,Gorgui Dieng,2019,MIN,C,29,76,2,13.6,2.5,5.0,0.501,0.3,0.7,0.339,2.2,4.2,0.53,0.527,1.2,1.4,0.83,1.1,3.0,4.1,0.9,0.6,0.5,0.8,1.8,6.4
mccontj01,tj mcconnell,T.J. McConnell,2019,PHI,PG,26,76,3,19.3,2.9,5.5,0.525,0.2,0.6,0.333,2.7,5.0,0.546,0.542,0.4,0.5,0.784,0.4,1.9,2.3,3.4,1.0,0.2,1.2,1.4,6.4
payneca01,cameron payne,Cameron Payne,2019,2TM,PG,24,40,13,17.8,2.4,5.6,0.43,0.6,2.1,0.298,1.8,3.5,0.511,0.487,0.8,1.0,0.805,0.3,1.5,1.8,2.7,0.7,0.2,1.1,1.6,6.3
casspom01,omri casspi,Omri Casspi,2019,MEM,SF,30,36,0,14.4,2.4,4.5,0.534,0.4,1.2,0.349,2.0,3.3,0.602,0.581,1.1,1.6,0.672,0.5,2.7,3.2,0.7,0.6,0.3,0.6,1.0,6.3
harride01,devin harris,Devin Harris,2019,DAL,PG,35,68,2,15.8,1.9,5.1,0.38,0.9,2.9,0.31,1.0,2.2,0.476,0.47,1.5,2.0,0.761,0.2,1.5,1.6,1.8,0.5,0.2,0.8,2.0,6.3
jerebjo01,jonas jerebko,Jonas Jerebko,2019,GSW,PF,31,73,6,16.7,2.2,4.9,0.459,0.9,2.6,0.367,1.3,2.3,0.563,0.556,0.9,1.1,0.8,1.0,3.0,3.9,1.3,0.4,0.2,0.6,1.9,6.3
looneke01,kevon looney,Kevon Looney,2019,GSW,C,22,80,24,18.5,2.7,4.3,0.625,0.0,0.1,0.1,2.7,4.2,0.641,0.627,0.8,1.3,0.619,2.4,2.8,5.2,1.5,0.6,0.7,0.6,2.6,6.3
dorsety01,tyler dorsey,Tyler Dorsey,2019,2TM,SG,22,48,11,14.5,2.2,5.5,0.405,0.9,2.8,0.333,1.3,2.8,0.477,0.489,0.8,1.3,0.623,0.6,1.8,2.4,1.2,0.3,0.0,0.6,1.1,6.2
bambamo01,mo bamba,Mo Bamba,2019,ORL,C,20,47,1,16.3,2.5,5.2,0.481,0.4,1.5,0.3,2.0,3.7,0.555,0.525,0.8,1.3,0.587,1.4,3.6,5.0,0.8,0.3,1.4,0.9,2.2,6.2
danietr01,troy daniels,Troy Daniels,2019,PHO,SG,27,51,1,14.9,2.2,5.4,0.411,1.5,3.8,0.381,0.8,1.6,0.481,0.545,0.4,0.5,0.783,0.3,1.2,1.4,0.5,0.5,0.1,0.5,1.5,6.2
dekkesa01,sam dekker,Sam Dekker,2019,2TM,PF,24,47,5,16.8,2.6,5.4,0.469,0.4,1.3,0.306,2.1,4.1,0.521,0.506,0.6,1.0,0.609,1.1,2.0,3.1,1.0,0.8,0.1,0.5,1.0,6.1
bayleje01,jerryd bayless,Jerryd Bayless,2019,MIN,PG,30,34,6,19.3,2.4,6.8,0.357,0.9,2.9,0.296,1.6,3.9,0.402,0.42,0.5,0.8,0.571,0.3,1.5,1.8,3.5,0.5,0.1,0.9,1.6,6.1
willike04,kenrich williams,Kenrich Williams,2019,NOP,SF,24,46,29,23.5,2.3,6.1,0.384,1.1,3.4,0.333,1.2,2.7,0.447,0.477,0.3,0.4,0.684,1.2,3.6,4.8,1.8,1.0,0.4,0.8,2.1,6.1
canaais01,isaiah canaan,Isaiah Canaan,2019,3TM,PG,27,30,16,21.0,2.1,5.5,0.39,1.1,3.2,0.354,1.0,2.3,0.441,0.494,0.6,0.8,0.792,0.2,1.7,1.9,2.8,0.5,0.1,1.2,1.7,6.0
chandwi01,wilson chandler,Wilson Chandler,2019,2TM,SF,31,51,33,23.1,2.2,5.4,0.418,1.2,3.1,0.373,1.1,2.3,0.478,0.526,0.4,0.5,0.72,0.9,3.3,4.2,1.6,0.5,0.4,0.9,2.4,6.0
diallch01,cheick diallo,Cheick Diallo,2019,NOP,PF,22,64,1,14.0,2.6,4.2,0.62,0.0,0.1,0.25,2.6,4.2,0.625,0.622,0.8,1.0,0.746,1.2,4.0,5.2,0.5,0.5,0.5,0.8,1.8,6.0
snellto01,tony snell,Tony Snell,2019,MIL,SF,27,74,12,17.6,2.2,4.9,0.452,1.1,2.8,0.397,1.1,2.1,0.522,0.564,0.5,0.6,0.881,0.4,1.7,2.1,0.9,0.4,0.2,0.3,1.2,6.0
dellama01,matthew dellavedova,Matthew Dellavedova,2019,2TM,PG,28,48,0,16.9,2.0,5.0,0.405,0.9,2.7,0.338,1.1,2.3,0.482,0.496,0.9,1.1,0.808,0.1,1.5,1.6,3.8,0.3,0.0,1.4,1.6,5.9
stausni01,nik stauskas,Nik Stauskas,2019,2TM,SG,25,68,0,14.9,2.0,5.0,0.402,1.0,2.8,0.372,1.0,2.2,0.44,0.506,0.8,0.9,0.891,0.3,1.6,1.9,1.2,0.3,0.1,0.8,0.7,5.9
ferreyo01,yogi ferrell,Yogi Ferrell,2019,SAC,PG,25,71,3,15.0,2.2,5.0,0.435,0.8,2.1,0.362,1.4,2.9,0.488,0.511,0.8,0.9,0.896,0.2,1.4,1.5,1.9,0.5,0.1,0.6,0.9,5.9
holidaa01,aaron holiday,Aaron Holiday,2019,IND,PG,22,50,0,12.9,2.1,5.2,0.401,0.9,2.5,0.339,1.2,2.7,0.459,0.483,0.8,1.0,0.82,0.1,1.2,1.3,1.7,0.4,0.3,0.8,1.4,5.9
leoname01,meyers leonard,Meyers Leonard,2019,POR,C,26,61,2,14.4,2.2,4.0,0.545,0.8,1.8,0.45,1.3,2.1,0.626,0.649,0.7,0.8,0.843,0.8,3.0,3.8,1.2,0.2,0.1,0.7,1.7,5.9
mcraejo01,jordan mcrae,Jordan McRae,2019,WAS,SG,27,27,0,12.3,2.3,4.8,0.469,0.4,1.3,0.286,1.9,3.5,0.537,0.508,1.0,1.3,0.8,0.2,1.3,1.5,1.1,0.5,0.3,0.6,1.0,5.9
spellom01,omari spellman,Omari Spellman,2019,ATL,PF,21,46,11,17.5,2.1,5.3,0.402,1.0,2.8,0.344,1.2,2.5,0.466,0.492,0.7,1.0,0.711,1.6,2.7,4.2,1.0,0.6,0.5,0.7,1.5,5.9
scottmi01,mike scott,Mike Scott,2019,2TM,PF,30,79,3,17.7,2.1,5.3,0.4,1.3,3.2,0.401,0.8,2.1,0.399,0.52,0.3,0.4,0.667,0.5,2.9,3.5,0.8,0.3,0.2,0.6,2.0,5.8
davised01,ed davis,Ed Davis,2019,BRK,C,29,81,1,17.9,2.3,3.7,0.616,0.0,0.0,0.0,2.3,3.7,0.62,0.616,1.2,2.0,0.617,2.7,5.9,8.6,0.8,0.4,0.4,0.8,2.8,5.8
hernaju01,juancho hernangomez,Juancho Hernangómez,2019,DEN,PF,23,70,25,19.4,2.0,4.5,0.439,0.9,2.6,0.365,1.0,1.9,0.541,0.545,0.9,1.2,0.767,0.9,2.9,3.8,0.8,0.4,0.3,0.5,1.3,5.8
korkmfu01,furkan korkmaz,Furkan Korkmaz,2019,PHI,SG,21,48,7,14.1,2.0,5.1,0.4,1.0,3.0,0.326,1.1,2.1,0.505,0.496,0.8,0.9,0.818,0.3,1.9,2.2,1.1,0.6,0.0,0.5,1.3,5.8
rabbiv01,ivan rabb,Ivan Rabb,2019,MEM,PF,21,49,13,14.7,2.4,4.3,0.547,0.1,0.3,0.2,2.3,4.0,0.574,0.554,1.0,1.4,0.71,1.4,2.8,4.2,1.1,0.3,0.3,0.7,1.8,5.8
wilsodj01,dj wilson,D.J. Wilson,2019,MIL,PF,22,48,3,18.4,2.2,5.2,0.414,1.0,2.6,0.362,1.2,2.6,0.468,0.506,0.5,1.0,0.553,0.9,3.7,4.6,1.1,0.4,0.4,0.7,1.8,5.8
craigto01,torrey craig,Torrey Craig,2019,DEN,SF,28,75,37,20.0,2.1,4.8,0.442,0.8,2.5,0.324,1.3,2.3,0.569,0.526,0.7,0.9,0.7,1.2,2.3,3.5,1.0,0.5,0.6,0.6,2.3,5.7
iguodan01,andre iguodala,Andre Iguodala,2019,GSW,SF,35,68,13,23.2,2.2,4.4,0.5,0.7,2.1,0.333,1.5,2.3,0.652,0.579,0.6,1.0,0.582,0.7,3.0,3.7,3.2,0.9,0.8,0.8,1.4,5.7
ntilila01,frank ntilikina,Frank Ntilikina,2019,NYK,PG,20,43,16,21.0,2.2,6.6,0.337,0.8,2.7,0.287,1.4,3.9,0.371,0.395,0.5,0.7,0.767,0.3,1.7,2.0,2.8,0.7,0.3,1.3,2.4,5.7
okoboel01,elie okobo,Elie Okobo,2019,PHO,PG,21,53,16,18.1,2.2,5.5,0.393,0.7,2.5,0.295,1.4,3.0,0.475,0.46,0.7,0.9,0.787,0.2,1.6,1.8,2.4,0.6,0.1,1.3,2.1,5.7
theisda01,daniel theis,Daniel Theis,2019,BOS,C,26,66,2,13.8,2.2,4.0,0.549,0.4,1.0,0.388,1.8,3.0,0.603,0.598,0.8,1.2,0.737,1.3,2.1,3.4,1.0,0.3,0.6,0.5,2.4,5.7
allengr01,grayson allen,Grayson Allen,2019,UTA,SG,23,38,2,10.9,1.8,4.7,0.376,0.8,2.6,0.323,0.9,2.1,0.443,0.466,1.2,1.6,0.75,0.1,0.5,0.6,0.7,0.2,0.2,0.9,1.2,5.6
baynear01,aron baynes,Aron Baynes,2019,BOS,C,32,51,18,16.1,2.1,4.4,0.471,0.4,1.2,0.344,1.6,3.2,0.519,0.518,1.0,1.2,0.855,1.7,3.0,4.7,1.1,0.2,0.7,0.8,2.5,5.6
poeltja01,jakob poeltl,Jakob Poeltl,2019,SAS,C,23,77,24,16.5,2.4,3.8,0.645,0.0,0.0,,2.4,3.8,0.645,0.645,0.6,1.2,0.533,2.3,3.0,5.3,1.2,0.4,0.9,0.6,1.6,5.5
randlch01,chasson randle,Chasson Randle,2019,WAS,PG,25,49,2,15.2,1.9,4.4,0.419,0.9,2.3,0.4,0.9,2.1,0.441,0.525,0.9,1.3,0.694,0.2,0.9,1.1,2.0,0.5,0.1,0.9,1.9,5.5
jonesda03,damian jones,Damian Jones,2019,GSW,C,23,24,22,17.1,2.2,3.1,0.716,0.0,0.0,,2.2,3.1,0.716,0.716,1.0,1.5,0.649,1.3,1.8,3.1,1.2,0.5,1.0,0.7,2.6,5.4
monrogr01,greg monroe,Greg Monroe,2019,3TM,C,28,43,2,11.2,2.1,4.4,0.487,0.0,0.1,0.2,2.1,4.3,0.495,0.489,1.0,1.7,0.625,1.6,2.4,4.0,0.6,0.3,0.2,0.7,1.5,5.3
fraziti01,tim frazier,Tim Frazier,2019,2TM,PG,28,59,19,19.0,2.0,4.4,0.444,0.6,1.7,0.366,1.3,2.7,0.494,0.515,0.7,0.9,0.759,0.7,2.2,2.8,4.2,0.5,0.1,1.3,1.9,5.3
abrinal01,alex abrines,Álex Abrines,2019,OKC,SG,25,31,2,19.0,1.8,5.1,0.357,1.3,4.1,0.323,0.5,1.0,0.5,0.487,0.4,0.4,0.923,0.2,1.4,1.5,0.6,0.5,0.2,0.5,1.7,5.3
grahatr01,treveon graham,Treveon Graham,2019,BRK,SG,25,35,21,20.4,1.8,5.5,0.335,1.1,3.7,0.297,0.7,1.8,0.413,0.435,0.5,0.6,0.818,0.7,2.4,3.1,1.0,0.4,0.2,0.5,1.9,5.3
netora01,raul neto,Raul Neto,2019,UTA,PG,26,37,1,12.8,2.0,4.4,0.46,0.5,1.6,0.333,1.5,2.7,0.535,0.522,0.8,0.9,0.848,0.2,1.5,1.7,2.5,0.4,0.1,0.9,1.3,5.3
willitr02,troy williams,Troy Williams,2019,SAC,SF,24,21,0,14.9,2.1,4.7,0.449,0.7,2.1,0.318,1.4,2.6,0.556,0.52,0.4,0.7,0.6,0.6,2.2,2.8,0.5,0.5,0.4,0.4,1.8,5.3
hutchch01,chandler hutchison,Chandler Hutchison,2019,CHI,SF,22,44,14,20.3,2.2,4.8,0.459,0.3,1.1,0.28,1.9,3.6,0.516,0.493,0.5,0.9,0.605,0.7,3.5,4.2,0.8,0.5,0.1,0.6,1.3,5.2
onealro01,royce oneale,Royce O'Neale,2019,UTA,SF,25,82,16,20.4,2.0,4.2,0.475,0.8,2.1,0.386,1.2,2.0,0.569,0.574,0.4,0.5,0.762,0.3,3.2,3.5,1.5,0.7,0.3,0.9,2.1,5.2
masonfr01,frank mason,Frank Mason III,2019,SAC,PG,24,38,0,11.4,1.9,4.4,0.42,0.4,1.7,0.219,1.5,2.8,0.543,0.462,1.0,1.5,0.684,0.2,1.0,1.1,2.2,0.4,0.1,0.9,0.9,5.1
poythal01,alex poythress,Alex Poythress,2019,ATL,PF,25,21,1,14.5,1.9,3.9,0.494,0.4,1.1,0.391,1.5,2.8,0.534,0.549,0.9,1.4,0.621,1.4,2.2,3.6,0.8,0.2,0.5,0.6,2.2,5.1
makerth01,thon maker,Thon Maker,2019,2TM,PF,21,64,5,15.2,1.7,4.2,0.407,0.8,2.4,0.32,0.9,1.8,0.522,0.498,0.9,1.3,0.667,0.6,2.5,3.2,0.7,0.3,0.8,0.5,1.6,5.0
bateske01,keita bates diop,Keita Bates-Diop,2019,MIN,SF,23,30,3,16.8,2.0,4.7,0.423,0.4,1.7,0.25,1.6,3.0,0.522,0.468,0.6,0.9,0.643,0.5,2.2,2.8,0.6,0.6,0.5,0.5,1.0,5.0
bendedr01,dragan bender,Dragan Bender,2019,PHO,PF,21,46,27,18.0,1.9,4.3,0.447,0.5,2.2,0.218,1.4,2.1,0.688,0.503,0.7,1.2,0.593,0.7,3.2,4.0,1.2,0.4,0.5,0.8,2.0,5.0
gortama01,marcin gortat,Marcin Gortat,2019,LAC,C,34,47,43,16.0,2.1,4.0,0.532,0.0,0.0,,2.1,4.0,0.532,0.532,0.7,1.0,0.729,1.4,4.1,5.6,1.4,0.1,0.5,1.1,2.0,5.0
iwundwe01,wes iwundu,Wes Iwundu,2019,ORL,SF,24,68,13,18.1,1.7,4.0,0.412,0.4,1.2,0.367,1.2,2.9,0.431,0.465,1.2,1.5,0.816,0.5,2.2,2.7,1.1,0.4,0.3,0.6,1.8,5.0
meltode01,deanthony melton,De'Anthony Melton,2019,PHO,PG,20,50,31,19.7,2.0,5.1,0.391,0.6,1.9,0.305,1.4,3.2,0.441,0.447,0.4,0.6,0.75,0.5,2.2,2.7,3.2,1.4,0.5,1.5,2.3,5.0
tollian01,anthony tolliver,Anthony Tolliver,2019,MIN,PF,33,65,0,16.6,1.5,4.0,0.382,1.2,3.3,0.377,0.3,0.7,0.409,0.539,0.7,0.9,0.783,0.2,2.5,2.7,0.7,0.3,0.3,0.6,1.4,5.0
breweco01,corey brewer,Corey Brewer,2019,2TM,SF,32,31,3,15.9,1.7,4.0,0.431,0.5,1.4,0.318,1.3,2.5,0.494,0.488,1.0,1.4,0.721,0.8,1.6,2.5,1.3,1.0,0.2,0.6,2.0,4.9
divindo01,donte divincenzo,Donte DiVincenzo,2019,MIL,SG,22,27,0,15.2,1.9,4.6,0.403,0.8,3.1,0.265,1.0,1.5,0.683,0.492,0.3,0.4,0.75,0.6,1.8,2.4,1.1,0.5,0.2,0.7,1.4,4.9
dudleja01,jared dudley,Jared Dudley,2019,BRK,PF,33,59,25,20.7,1.7,4.1,0.423,0.9,2.6,0.351,0.8,1.5,0.545,0.533,0.5,0.8,0.696,0.6,2.1,2.6,1.4,0.6,0.3,0.7,2.2,4.9
leeda03,damion lee,Damion Lee,2019,GSW,SG,26,32,0,11.7,1.8,4.0,0.441,0.8,2.1,0.397,0.9,1.8,0.492,0.547,0.6,0.7,0.864,0.3,1.8,2.0,0.4,0.4,0.0,0.3,0.9,4.9
noelne01,nerlens noel,Nerlens Noel,2019,OKC,C,24,77,2,13.7,2.1,3.6,0.587,0.0,0.0,,2.1,3.6,0.587,0.587,0.7,1.0,0.684,1.6,2.6,4.2,0.6,0.9,1.2,0.6,2.2,4.9
cartemi01,michael carter williams,Michael Carter-Williams,2019,2TM,PG,27,28,1,13.3,1.6,4.4,0.374,0.4,1.4,0.263,1.3,3.0,0.424,0.415,1.1,1.9,0.604,0.7,1.8,2.5,2.5,0.7,0.5,0.7,1.7,4.8
birchkh01,khem birch,Khem Birch,2019,ORL,C,26,50,1,12.9,1.8,3.0,0.603,0.0,0.0,0.0,1.8,3.0,0.607,0.603,1.2,1.7,0.699,1.6,2.2,3.8,0.8,0.4,0.6,0.4,1.4,4.8
browntr01,troy brown,Troy Brown Jr.,2019,WAS,SF,19,52,10,14.0,1.9,4.5,0.415,0.4,1.3,0.319,1.4,3.2,0.455,0.462,0.6,0.9,0.681,0.7,2.1,2.8,1.5,0.4,0.1,0.6,1.1,4.8
wagnemo01,moritz wagner,Moritz Wagner,2019,LAL,C,21,43,5,10.4,1.7,4.0,0.415,0.5,1.8,0.286,1.1,2.2,0.521,0.48,1.0,1.2,0.811,0.4,1.6,2.0,0.6,0.3,0.3,0.9,1.3,4.8
jenkijo01,john jenkins,John Jenkins,2019,2TM,SG,27,26,0,12.8,1.6,4.0,0.4,0.8,2.2,0.379,0.8,1.8,0.426,0.505,0.6,0.7,0.833,0.2,1.2,1.4,0.8,0.0,0.1,0.3,0.4,4.7
boldejo01,jonah bolden,Jonah Bolden,2019,PHI,PF,23,44,10,14.5,1.8,3.7,0.494,0.8,2.2,0.354,1.0,1.5,0.697,0.599,0.3,0.6,0.481,1.1,2.7,3.8,0.9,0.4,0.9,0.8,2.3,4.7
grahade01,devonte graham,Devonte' Graham,2019,CHO,PG,23,46,3,14.7,1.6,4.7,0.343,0.7,2.6,0.281,0.9,2.1,0.421,0.421,0.8,1.0,0.761,0.2,1.2,1.4,2.6,0.5,0.0,0.7,1.0,4.7
mckinal01,alfonzo mckinnie,Alfonzo McKinnie,2019,GSW,SF,26,72,5,13.9,1.9,3.8,0.487,0.6,1.6,0.356,1.3,2.2,0.586,0.564,0.4,0.7,0.563,1.1,2.3,3.4,0.4,0.3,0.2,0.4,1.9,4.7
luwawti01,timothe luwawu cabarrot,Timothé Luwawu-Cabarrot,2019,2TM,SF,23,50,7,13.4,1.6,4.4,0.376,0.7,2.3,0.31,0.9,2.0,0.451,0.459,0.6,0.8,0.756,0.2,1.7,1.9,0.5,0.4,0.2,0.4,1.5,4.6
motlejo01,johnathan motley,Johnathan Motley,2019,LAC,PF,23,22,0,7.1,1.8,3.3,0.534,0.0,0.1,0.0,1.8,3.2,0.557,0.534,1.1,1.8,0.6,0.8,1.5,2.3,0.5,0.2,0.1,0.7,1.2,4.6
thomala01,lance thomas,Lance Thomas,2019,NYK,PF,30,46,17,17.0,1.7,4.3,0.396,0.5,1.7,0.278,1.2,2.6,0.475,0.452,0.6,0.8,0.75,0.5,2.1,2.5,0.6,0.4,0.2,0.5,1.8,4.5
biyombi01,bismack biyombo,Bismack Biyombo,2019,CHO,C,26,54,32,14.5,1.6,2.9,0.571,0.0,0.0,,1.6,2.9,0.571,0.571,1.1,1.7,0.637,1.5,3.1,4.6,0.6,0.2,0.8,0.6,1.9,4.4
carteje01,jevon carter,Jevon Carter,2019,MEM,PG,23,39,3,14.8,1.4,4.7,0.303,0.9,2.6,0.333,0.6,2.1,0.265,0.395,0.7,0.8,0.813,0.4,1.3,1.7,1.8,0.7,0.3,0.8,1.4,4.4
miltosh01,shake milton,Shake Milton,2019,PHI,SG,22,20,0,13.4,1.7,4.4,0.391,0.7,2.2,0.318,1.0,2.2,0.465,0.471,0.3,0.4,0.714,0.5,1.3,1.8,0.9,0.4,0.4,0.3,1.5,4.4
brownbr01,bruce brown,Bruce Brown,2019,DET,SG,22,74,56,19.6,1.7,4.2,0.398,0.3,1.3,0.258,1.4,3.0,0.457,0.436,0.6,0.8,0.75,0.6,1.9,2.5,1.2,0.5,0.5,0.6,2.4,4.3
feltora01,raymond felton,Raymond Felton,2019,OKC,PG,34,33,0,11.5,1.7,4.1,0.407,0.6,1.8,0.328,1.1,2.2,0.473,0.481,0.4,0.4,0.923,0.1,0.9,1.0,1.6,0.3,0.2,0.4,0.9,4.3
hillso01,solomon hill,Solomon Hill,2019,NOP,SF,27,44,15,20.0,1.5,4.0,0.382,0.7,2.3,0.317,0.8,1.8,0.468,0.472,0.5,0.7,0.719,0.8,2.3,3.0,1.3,0.5,0.2,0.7,1.8,4.3
chrisma01,marquese chriss,Marquese Chriss,2019,2TM,PF,21,43,2,11.6,1.6,4.2,0.372,0.4,1.7,0.222,1.2,2.5,0.472,0.417,0.7,1.0,0.711,0.9,2.4,3.3,0.5,0.4,0.3,0.8,1.9,4.2
blossja01,jaron blossomgame,Jaron Blossomgame,2019,CLE,SF,25,27,4,16.3,1.7,3.9,0.443,0.4,1.4,0.256,1.4,2.5,0.552,0.491,0.4,0.5,0.769,1.0,2.7,3.6,0.5,0.3,0.3,0.4,0.7,4.2
grantje02,jerian grant,Jerian Grant,2019,ORL,PG,26,60,1,15.7,1.5,3.7,0.418,0.7,1.8,0.364,0.9,1.8,0.473,0.509,0.4,0.7,0.65,0.3,1.3,1.6,2.6,0.7,0.1,0.9,1.3,4.2
robingl02,glenn robinson,Glenn Robinson III,2019,DET,SF,25,47,18,13.0,1.6,3.7,0.42,0.4,1.3,0.29,1.2,2.4,0.491,0.472,0.7,0.9,0.8,0.4,1.1,1.5,0.4,0.3,0.2,0.4,1.0,4.2
mahinia01,ian mahinmi,Ian Mahinmi,2019,WAS,C,32,34,6,14.6,1.4,3.1,0.452,0.1,0.5,0.188,1.3,2.6,0.5,0.466,1.2,1.8,0.689,1.4,2.4,3.8,0.7,0.7,0.5,0.6,2.5,4.1
leeco01,courtney lee,Courtney Lee,2019,2TM,SG,33,34,6,12.6,1.6,3.8,0.411,0.5,1.6,0.291,1.1,2.2,0.5,0.473,0.4,0.6,0.667,0.3,1.3,1.6,1.1,0.6,0.1,0.4,0.9,4.0
broekry01,ryan broekhoff,Ryan Broekhoff,2019,DAL,SG,28,42,0,10.8,1.4,3.0,0.452,0.9,2.2,0.409,0.5,0.8,0.576,0.603,0.4,0.5,0.789,0.2,1.3,1.5,0.5,0.1,0.1,0.4,0.8,4.0
feliccr01,cristiano felicio,Cristiano Felício,2019,CHI,C,26,60,0,12.4,1.6,3.0,0.531,0.0,0.1,0.0,1.6,2.9,0.543,0.531,0.8,1.2,0.685,1.3,2.3,3.6,0.6,0.2,0.1,0.6,1.2,4.0
livinsh01,shaun livingston,Shaun Livingston,2019,GSW,PG,33,64,0,15.1,1.7,3.3,0.519,0.0,0.0,0.0,1.7,3.3,0.524,0.519,0.6,0.8,0.784,0.7,1.2,1.8,1.8,0.5,0.4,0.6,1.2,4.0
naderab01,abdel nader,Abdel Nader,2019,OKC,SF,25,61,1,11.4,1.5,3.5,0.423,0.5,1.6,0.32,1.0,1.9,0.513,0.498,0.4,0.6,0.75,0.2,1.7,1.9,0.3,0.3,0.2,0.4,1.1,4.0
niangge01,georges niang,Georges Niang,2019,UTA,PF,25,59,0,8.7,1.5,3.1,0.475,0.7,1.8,0.41,0.7,1.3,0.566,0.594,0.3,0.4,0.833,0.2,1.3,1.5,0.6,0.2,0.1,0.4,1.0,4.0
gasolpa01,pau gasol,Pau Gasol,2019,2TM,C,38,30,6,12.0,1.4,3.1,0.447,0.2,0.4,0.462,1.2,2.7,0.444,0.479,0.9,1.3,0.7,0.7,3.8,4.6,1.7,0.2,0.5,0.5,1.0,3.9
johnsam01,amir johnson,Amir Johnson,2019,PHI,C,31,51,6,10.4,1.5,3.1,0.503,0.2,0.8,0.3,1.3,2.3,0.573,0.541,0.6,0.8,0.756,0.9,2.0,2.9,1.2,0.3,0.3,0.9,1.9,3.9
leaftj01,tj leaf,T.J. Leaf,2019,IND,PF,21,58,1,9.0,1.7,3.2,0.541,0.1,0.5,0.258,1.6,2.6,0.599,0.563,0.3,0.5,0.613,0.7,1.4,2.2,0.4,0.2,0.3,0.2,0.6,3.9
mejrisa01,salah mejri,Salah Mejri,2019,DAL,C,32,36,4,11.1,1.5,3.1,0.491,0.3,0.9,0.324,1.2,2.2,0.564,0.54,0.6,0.9,0.625,1.0,2.6,3.6,1.0,0.3,0.7,0.6,1.5,3.9
pachuza01,zaza pachulia,Zaza Pachulia,2019,DET,C,34,68,3,12.9,1.3,2.8,0.44,0.0,0.1,0.0,1.3,2.8,0.45,0.44,1.4,1.8,0.782,1.5,2.4,3.9,1.3,0.5,0.3,0.8,2.2,3.9
wanambr01,brad wanamaker,Brad Wanamaker,2019,BOS,PG,29,36,0,9.5,1.4,2.9,0.476,0.4,1.1,0.41,0.9,1.8,0.515,0.552,0.7,0.8,0.857,0.1,1.1,1.1,1.6,0.3,0.1,0.5,0.9,3.9
leuerjo01,jon leuer,Jon Leuer,2019,DET,PF,29,41,1,9.8,1.6,2.8,0.584,0.0,0.3,0.091,1.6,2.5,0.637,0.588,0.6,0.8,0.742,0.7,1.7,2.4,0.3,0.3,0.1,0.6,1.5,3.8
sefolth01,thabo sefolosha,Thabo Sefolosha,2019,UTA,SF,34,50,2,12.2,1.4,3.0,0.477,0.7,1.6,0.436,0.7,1.4,0.521,0.591,0.3,0.4,0.636,0.2,2.3,2.5,0.5,0.9,0.1,0.5,0.8,3.8
simonan01,anfernee simons,Anfernee Simons,2019,POR,SG,19,20,1,7.1,1.4,3.2,0.444,0.5,1.5,0.345,0.9,1.7,0.529,0.524,0.5,0.8,0.563,0.2,0.5,0.7,0.7,0.1,0.0,0.6,0.5,3.8
anderju01,justin anderson,Justin Anderson,2019,ATL,SF,25,48,4,9.6,1.3,3.3,0.408,0.5,1.6,0.312,0.8,1.7,0.5,0.484,0.5,0.7,0.743,0.5,1.3,1.8,0.5,0.5,0.3,0.5,1.0,3.7
diallha01,hamidou diallo,Hamidou Diallo,2019,OKC,SG,20,51,3,10.3,1.5,3.2,0.455,0.1,0.5,0.167,1.4,2.8,0.504,0.467,0.7,1.2,0.61,0.7,1.2,1.9,0.3,0.4,0.2,0.5,1.5,3.7
koufoko01,kosta koufos,Kosta Koufos,2019,SAC,C,29,42,1,12.0,1.7,3.6,0.477,0.0,0.0,,1.7,3.6,0.477,0.477,0.2,0.6,0.417,1.2,3.0,4.2,0.9,0.4,0.4,0.6,1.6,3.7
fryech01,channing frye,Channing Frye,2019,CLE,C,35,36,6,9.5,1.2,3.3,0.368,0.9,2.2,0.405,0.3,1.1,0.289,0.504,0.3,0.4,0.786,0.1,1.3,1.4,0.6,0.2,0.1,0.4,1.2,3.6
hilarne01,nene,Nenê,2019,HOU,C,36,42,2,13.0,1.4,2.8,0.517,0.0,0.1,0.0,1.4,2.7,0.531,0.517,0.7,1.1,0.66,0.8,2.1,2.9,0.6,0.4,0.4,0.3,2.1,3.6
pattepa01,patrick patterson,Patrick Patterson,2019,OKC,PF,29,63,5,13.7,1.3,3.5,0.374,0.7,2.2,0.336,0.6,1.3,0.439,0.479,0.3,0.5,0.633,0.7,1.7,2.3,0.5,0.3,0.2,0.3,0.7,3.6
briscis01,isaiah briscoe,Isaiah Briscoe,2019,ORL,PG,22,39,0,14.3,1.4,3.5,0.399,0.3,0.9,0.324,1.1,2.7,0.423,0.438,0.4,0.7,0.577,0.1,1.8,1.9,2.2,0.3,0.1,0.8,1.7,3.5
oquinky01,kyle oquinn,Kyle O'Quinn,2019,IND,C,28,45,3,8.2,1.5,3.0,0.507,0.0,0.3,0.083,1.5,2.8,0.548,0.511,0.4,0.5,0.81,0.6,2.0,2.6,1.2,0.2,0.6,0.7,1.5,3.5
wallaty01,tyrone wallace,Tyrone Wallace,2019,LAC,PG,24,62,0,10.1,1.5,3.5,0.424,0.1,0.3,0.211,1.4,3.2,0.444,0.433,0.5,0.9,0.526,0.3,1.3,1.6,0.7,0.3,0.1,0.6,1.3,3.5
johnswe01,wesley johnson,Wesley Johnson,2019,2TM,SF,31,38,13,14.1,1.2,3.4,0.352,0.7,2.0,0.329,0.5,1.4,0.385,0.449,0.3,0.5,0.684,0.3,1.6,1.9,0.6,0.4,0.3,0.5,1.7,3.4
robinje01,jerome robinson,Jerome Robinson,2019,LAC,SG,21,33,0,9.7,1.3,3.3,0.4,0.5,1.7,0.316,0.8,1.6,0.491,0.482,0.2,0.3,0.667,0.1,1.2,1.2,0.6,0.3,0.1,0.4,1.4,3.4
smithja02,jason smith,Jason Smith,2019,3TM,C,32,20,1,9.5,1.1,3.0,0.356,0.5,1.3,0.346,0.6,1.7,0.364,0.432,0.7,0.8,0.875,0.8,1.8,2.6,0.7,0.2,0.4,0.7,1.5,3.3
belljo01,jordan bell,Jordan Bell,2019,GSW,C,24,68,3,11.6,1.5,2.8,0.516,0.0,0.0,0.0,1.5,2.8,0.521,0.516,0.4,0.6,0.61,0.8,1.9,2.7,1.1,0.3,0.8,0.6,1.2,3.3
bouchch01,chris boucher,Chris Boucher,2019,TOR,PF,26,28,0,5.8,1.2,2.7,0.447,0.4,1.3,0.324,0.8,1.4,0.564,0.526,0.5,0.5,0.867,0.6,1.4,2.0,0.1,0.2,0.9,0.3,1.1,3.3
ojelese01,semi ojeleye,Semi Ojeleye,2019,BOS,PF,24,56,3,10.6,1.2,2.8,0.424,0.5,1.6,0.315,0.7,1.2,0.565,0.513,0.4,0.7,0.615,0.4,1.1,1.5,0.4,0.2,0.1,0.3,0.8,3.3
mykhasv01,svi mykhailiuk,Svi Mykhailiuk,2019,2TM,SF,21,42,0,10.5,1.1,3.3,0.329,0.7,2.1,0.326,0.4,1.2,0.333,0.432,0.3,0.5,0.6,0.2,0.6,0.9,0.9,0.3,0.0,0.5,0.6,3.2
adamsja01,jaylen adams,Jaylen Adams,2019,ATL,PG,22,34,1,12.6,1.1,3.2,0.345,0.7,2.2,0.338,0.4,1.1,0.361,0.459,0.2,0.3,0.778,0.3,1.4,1.8,1.9,0.4,0.1,0.8,1.3,3.2
chandty01,tyson chandler,Tyson Chandler,2019,2TM,C,36,55,6,15.9,1.1,1.8,0.616,0.0,0.0,0.0,1.1,1.8,0.622,0.616,0.9,1.6,0.586,1.7,3.9,5.6,0.7,0.4,0.4,0.8,2.0,3.1
labissk01,skal labissiere,Skal Labissière,2019,2TM,PF,22,22,1,8.0,1.2,2.2,0.531,0.3,0.6,0.462,0.9,1.6,0.556,0.592,0.4,0.8,0.529,0.4,1.5,2.0,0.5,0.2,0.3,0.5,1.3,3.0
cunnida01,dante cunningham,Dante Cunningham,2019,SAS,PF,31,64,21,14.5,1.2,2.5,0.475,0.5,1.0,0.462,0.7,1.5,0.484,0.57,0.2,0.3,0.778,0.8,2.2,2.9,0.8,0.4,0.2,0.3,1.1,3.0
clarkga01,gary clark,Gary Clark,2019,HOU,PF,24,51,2,12.6,1.0,3.0,0.331,0.8,2.7,0.297,0.2,0.3,0.692,0.467,0.1,0.1,1.0,0.5,1.8,2.3,0.4,0.4,0.5,0.1,0.9,2.9
sumneed01,edmond sumner,Edmond Sumner,2019,IND,PG,23,23,2,9.1,1.0,2.8,0.344,0.3,1.2,0.259,0.7,1.6,0.405,0.398,0.7,1.0,0.625,0.4,0.7,1.0,0.4,0.5,0.2,0.4,1.1,2.9
martija01,jarell martin,Jarell Martin,2019,ORL,PF,24,42,1,7.8,1.0,2.5,0.413,0.5,1.4,0.351,0.5,1.1,0.489,0.51,0.2,0.3,0.818,0.3,1.5,1.7,0.4,0.1,0.2,0.3,1.2,2.7
mccawpa01,patrick mccaw,Patrick McCaw,2019,2TM,SG,23,29,1,13.7,0.9,2.2,0.413,0.3,1.0,0.321,0.6,1.2,0.486,0.484,0.4,0.5,0.867,0.2,1.4,1.7,1.0,0.8,0.1,0.6,1.3,2.6
burtode02,deonte burton,Deonte Burton,2019,OKC,SG,25,32,0,7.5,1.0,2.6,0.402,0.3,0.8,0.296,0.8,1.7,0.455,0.451,0.3,0.4,0.667,0.1,0.8,0.9,0.3,0.2,0.3,0.3,1.0,2.6
anderry01,ryan anderson,Ryan Anderson,2019,2TM,PF,30,25,8,12.9,0.8,2.8,0.304,0.4,1.6,0.225,0.5,1.2,0.414,0.37,0.5,0.6,0.75,0.7,1.4,2.2,0.8,0.2,0.0,0.6,1.0,2.5
williro04,robert williams,Robert Williams,2019,BOS,C,21,32,2,8.8,1.1,1.6,0.706,0.0,0.0,,1.1,1.6,0.706,0.706,0.3,0.5,0.6,0.8,1.7,2.5,0.2,0.3,1.3,0.3,1.1,2.5
caldejo01,jose calderon,José Calderón,2019,DET,PG,37,49,0,12.9,0.9,2.4,0.375,0.3,1.2,0.246,0.6,1.3,0.492,0.433,0.2,0.2,0.818,0.2,1.0,1.2,2.3,0.3,0.1,0.7,1.3,2.3
thomakh01,khyri thomas,Khyri Thomas,2019,DET,SG,22,26,0,7.5,0.8,2.7,0.319,0.4,1.3,0.286,0.5,1.3,0.353,0.391,0.3,0.4,0.636,0.2,0.6,0.8,0.3,0.3,0.2,0.2,0.8,2.3
udohek01,ekpe udoh,Ekpe Udoh,2019,UTA,C,31,51,1,6.3,1.0,1.4,0.694,0.0,0.0,,1.0,1.4,0.694,0.694,0.4,0.6,0.633,0.5,1.2,1.8,0.5,0.2,0.6,0.3,0.7,2.3
yabusgu01,guerschon yabusele,Guerschon Yabusele,2019,BOS,PF,23,41,1,6.1,0.9,1.9,0.455,0.2,0.7,0.321,0.6,1.2,0.531,0.513,0.4,0.5,0.682,0.6,0.7,1.3,0.4,0.2,0.2,0.4,0.8,2.3
brownlo01,lorenzo brown,Lorenzo Brown,2019,TOR,PG,28,26,0,8.2,0.9,2.7,0.324,0.2,1.1,0.214,0.7,1.7,0.395,0.366,0.1,0.1,1.0,0.2,1.0,1.2,1.1,0.5,0.2,0.6,0.8,2.1
swanica01,caleb swanigan,Caleb Swanigan,2019,2TM,PF,21,21,0,8.5,0.9,2.5,0.34,0.0,0.3,0.143,0.8,2.2,0.37,0.349,0.3,0.4,0.667,0.8,2.2,3.0,0.5,0.3,0.0,0.9,1.3,2.0
harteis01,isaiah hartenstein,Isaiah Hartenstein,2019,HOU,PF,20,28,0,7.9,0.7,1.5,0.488,0.1,0.2,0.333,0.6,1.3,0.514,0.512,0.4,0.5,0.786,0.8,0.9,1.7,0.5,0.3,0.4,0.5,2.0,1.9
metuch01,chimezie metu,Chimezie Metu,2019,SAS,PF,21,29,0,5.0,0.7,2.0,0.328,0.0,0.1,0.0,0.7,1.9,0.339,0.328,0.4,0.6,0.765,0.3,0.9,1.2,0.4,0.2,0.1,0.5,0.5,1.8
pondequ01,quincy pondexter,Quincy Pondexter,2019,SAS,SF,30,53,0,5.5,0.5,1.1,0.5,0.1,0.3,0.333,0.4,0.8,0.575,0.552,0.6,0.8,0.81,0.2,0.7,0.9,0.5,0.2,0.0,0.2,0.5,1.8
evansja02,jacob evans,Jacob Evans,2019,GSW,SG,21,30,1,6.8,0.6,1.8,0.34,0.1,0.5,0.267,0.5,1.3,0.368,0.377,0.0,0.0,0.0,0.2,0.6,0.8,0.8,0.2,0.1,0.4,0.9,1.3
bongais01,isaac bonga,Isaac Bonga,2019,LAL,PG,19,22,0,5.5,0.2,1.5,0.152,0.0,0.4,0.0,0.2,1.1,0.2,0.152,0.4,0.7,0.6,0.4,0.7,1.1,0.7,0.4,0.2,0.3,0.4,0.9
